LOOPLOG,1638712586.167,Outflow_ON,1,633,633
LOOPLOG,1638712594.273,Manually Switching on valve:IN - IN; Switching ON for (ms): 1800000
LOOPLOG,1638712597.336,Manually Switching on valve:IN - IN; Switching ON for (ms): 1800000
LOOPLOG,1638712752.097,Manually Switching off valve: - IN 0
LOOPLOG,1638712752.199,Outflow_OFF,2,165884,166517
LOOPLOG,1638712752.232,Inflow_ON,2,166517,166517
LOOPLOG,1638712755.402,Manually Switching on valve:IN - IN; Switching ON for (ms): 1800000
LOOPLOG,1638712764.855,Manually Switching off valve: - IN 0
LOOPLOG,1638712764.954,Inflow_OFF,3,12740,179263
LOOPLOG,1638712792.281,Outflow_ON,0,205935,206568
LOOPLOG,1638712800.567,Manually Switching off valve: - IN 0
LOOPLOG,1638712801.009,Manually Switching off valve: - IN 0
LOOPLOG,1638712801.55,Manually Switching off valve: - OUT 0
LOOPLOG,1638712801.877,Manually Switching off valve: - OUT 0
LOOPLOG,1638712812.314,Outflow_OFF,0,20016,226584
LOOPLOG,1638712812.35,Inflow_ON,0,60062,226585
LOOPLOG,1638712852.395,Outflow_ON,0,60064,266632
LOOPLOG,1638712872.424,Outflow_OFF,0,20011,286645
LOOPLOG,1638712872.46,Inflow_ON,0,60056,286645
LOOPLOG,1638712889.085,Outflow_ON,0,633,633
LOOPLOG,1638712938.186,Outflow_OFF,0,49053,49686
LOOPLOG,1638712938.219,Inflow_ON,0,49687,49687
LOOPLOG,1638745348.464,Outflow_ON,687,28805931,28805931
LOOPLOG,1638745368.505,Outflow_OFF,759,20031,28825964
LOOPLOG,1638745368.546,Inflow_ON,759,28825964,28825969
LOOPLOG,1638745378.544,Inflow_OFF,797,10017,28835996
LOOPLOG,1638745889.562,Outflow_ON,697,540657,29346589
LOOPLOG,1638745909.611,Outflow_OFF,886,20033,29366622
LOOPLOG,1638745909.652,Inflow_ON,886,5406L4,29366625
LOOPLOG,1638745919.65,Inflow_OFF,887,10017,29376642
LOOPLOG,1638747296.506,Outflow_ON,699,1405755,30752344
LOOPLOG,1638747316.552,Outflow_OFF,871,20032,30772377
LOOPLOG,1638747316.596,Inflow_ON,871,1405752,30772381
LOOPLOG,1638747326.594,Inflow_OFF,883,10017,30782409
LOOPLOG,1638748113.552,Outflow_ON,698,816369,31568713
LOOPLOG,1638748133.604,Outflow_OFF,883,20034,31588747
LOOPLOG,1638748133.642,Inflow_ON,883,816357,31588751
LOOPLOG,1638748143.639,Inflow_OFF,881,10016,31598777
LOOPLOG,1638760288.993,Manually Switching on valve:OUT - OUT; Switching ON for (ms): 1800000
LOOPLOG,1638760393.624,Manually Switching off valve: - OUT 0
LOOPLOG,1638763292.98,Manually Switching on valve:IN - IN; Switching ON for (ms): 1800000
LOOPLOG,1638763294.942,Manually Switching off valve: - IN 0
LOOPLOG,1638767069.823,Manually Switching on valve:IN - IN; Switching ON for (ms): 1800000
LOOPLOG,1638767071.347,Manually Switching off valve: - IN 0
LOOPLOG,1638776382.28,Manually Switching on valve:OUT - OUT; Switching ON for (ms): 1800000
LOOPLOG,1638776463.119,Manually Switching off valve: - OUT 0
LOOPLOG,1638790779.634,Outflow_ON,629,42630507,74199221
LOOPLOG,1638790799.662,Outflow_OFF,922,20017,74219238
LOOPLOG,1638790799.703,Inflow_ON,922,42630477,74219243
LOOPLOG,1638790809.701,Inflow_OFF,921,10016,74229270
LOOPLOG,1638790900.935,Outflow_ON,744,68433,68433
LOOPLOG,1638790921.062,Outflow_OFF,938,20108,88541
LOOPLOG,1638790921.099,Inflow_ON,938,88542,88542
LOOPLOG,1638790931.093,Inflow_OFF,935,10017,98565
LOOPLOG,1638790992.121,Outflow_ON,776,91109,159542
LOOPLOG,1638791012.174,Outflow_OFF,404,20033,179575
LOOPLOG,1638791012.211,Inflow_ON,404,91027,179576
LOOPLOG,1638791022.204,Inflow_OFF,489,10015,189600
LOOPLOG,1638791052.243,Outflow_ON,711,60071,219613
LOOPLOG,1638791072.292,Outflow_OFF,647,20033,239646
LOOPLOG,1638791072.329,Inflow_ON,647,60061,239646
LOOPLOG,1638791082.327,Inflow_OFF,691,10017,249671
LOOPLOG,1638791112.419,Outflow_ON,695,60124,279737
LOOPLOG,1638791132.468,Outflow_OFF,936,20032,299770
LOOPLOG,1638791132.505,Inflow_ON,936,60117,299771
LOOPLOG,1638791142.502,Inflow_OFF,923,10016,309796
LOOPLOG,1638791187.667,Outflow_ON,775,75186,354924
LOOPLOG,1638791207.708,Outflow_OFF,138,20022,374947
LOOPLOG,1638791207.745,Inflow_ON,138,75167,374947
LOOPLOG,1638791217.738,Inflow_OFF,539,10013,384969
LOOPLOG,1638791261.175,Outflow_ON,773,73446,428370
LOOPLOG,1638791281.223,Outflow_OFF,737,20031,448401
LOOPLOG,1638791281.26,Inflow_ON,737,73445,448401
LOOPLOG,1638791291.254,Inflow_OFF,760,10017,458426
LOOPLOG,1638791321.313,Outflow_ON,720,60090,488460
LOOPLOG,1638791341.366,Outflow_OFF,934,20033,508493
LOOPLOG,1638791341.403,Inflow_ON,934,60085,508494
LOOPLOG,1638791351.397,Inflow_OFF,934,10015,518519
LOOPLOG,1638791458.707,Outflow_ON,729,137265,625725
LOOPLOG,1638791478.736,Outflow_OFF,301,20024,645749
LOOPLOG,1638791478.773,Inflow_ON,301,137246,645751
LOOPLOG,1638791488.771,Inflow_OFF,522,10015,655775
LOOPLOG,1638791594.185,Outflow_ON,740,135378,761104
LOOPLOG,1638791614.238,Outflow_OFF,433,20032,781137
LOOPLOG,1638791614.275,Inflow_ON,433,135377,781139
LOOPLOG,1638791624.272,Inflow_OFF,428,10015,791163
LOOPLOG,1638791654.356,Outflow_ON,473,60120,821224
LOOPLOG,1638791674.405,Outflow_OFF,902,20032,841256
LOOPLOG,1638791674.442,Inflow_ON,902,60109,841257
LOOPLOG,1638791684.44,Inflow_OFF,862,10016,851282
LOOPLOG,1638791714.536,Outflow_ON,775,60131,881355
LOOPLOG,1638791734.589,Outflow_OFF,659,20033,901388
LOOPLOG,1638791734.626,Inflow_ON,659,60123,901389
LOOPLOG,1638791744.62,Inflow_OFF,792,10016,911414
LOOPLOG,1638791774.65,Outflow_ON,128,60063,941418
LOOPLOG,1638791794.687,Outflow_OFF,144,20020,961438
LOOPLOG,1638791794.728,Inflow_ON,144,60042,961439
LOOPLOG,1638791804.713,Inflow_OFF,125,10008,971455
LOOPLOG,1638791834.793,Outflow_ON,45,60090,1001508
LOOPLOG,1638791854.834,Outflow_OFF,42,20026,1021535
LOOPLOG,1638791854.875,Inflow_ON,42,60089,1021536
LOOPLOG,1638791864.922,Inflow_OFF,54,10068,1031612
LOOPLOG,1638791894.973,Outflow_ON,217,60126,1061635
LOOPLOG,1638791915.018,Outflow_OFF,919,20032,1081668
LOOPLOG,1638791915.059,Inflow_ON,919,60124,1081669
LOOPLOG,1638791925.057,Inflow_OFF,603,10017,1091695
LOOPLOG,1638791955.145,Outflow_ON,360,60125,1121761
LOOPLOG,1638791975.181,Outflow_OFF,98,20018,1141779
LOOPLOG,1638791975.218,Inflow_ON,98,60102,1141780
LOOPLOG,1638791985.269,Inflow_OFF,78,10073,1151861
LOOPLOG,1638792015.283,Outflow_ON,669,60087,1181848
LOOPLOG,1638792035.328,Outflow_OFF,151,20027,1201876
LOOPLOG,1638792035.369,Inflow_ON,151,60088,1201878
LOOPLOG,1638792045.359,Inflow_OFF,268,10012,1211899
LOOPLOG,1638792075.807,Outflow_ON,775,60472,1242320
LOOPLOG,1638792095.852,Outflow_OFF,205,20028,1262349
LOOPLOG,1638792095.889,Inflow_ON,205,60462,1262350
LOOPLOG,1638792105.887,Inflow_OFF,539,10015,1272375
LOOPLOG,1638792135.979,Outflow_ON,737,60123,1302444
LOOPLOG,1638792156.023,Outflow_OFF,187,20024,1322468
LOOPLOG,1638792156.06,Inflow_ON,187,60110,1322470
LOOPLOG,1638792166.054,Inflow_OFF,357,10012,1332492
LOOPLOG,1638792226.492,Outflow_ON,761,90436,1392880
LOOPLOG,1638792246.537,Outflow_OFF,266,20025,1412907
LOOPLOG,1638792246.574,Inflow_ON,266,90428,1412908
LOOPLOG,1638792256.572,Inflow_OFF,420,10012,1422929
LOOPLOG,1638792286.664,Outflow_ON,758,60115,1452995
LOOPLOG,1638792306.717,Outflow_OFF,743,20033,1473029
LOOPLOG,1638792306.754,Inflow_ON,743,60112,1473030
LOOPLOG,1638792316.751,Inflow_OFF,523,10017,1483056
LOOPLOG,1638792346.851,Outflow_ON,618,60127,1513122
LOOPLOG,1638792366.892,Outflow_OFF,626,20033,1533155
LOOPLOG,1638792366.933,Inflow_ON,626,60117,1533157
LOOPLOG,1638792376.927,Inflow_OFF,638,10017,1543183
LOOPLOG,1638792407.011,Outflow_ON,625,60119,1573241
LOOPLOG,1638792427.064,Outflow_OFF,593,20033,1593274
LOOPLOG,1638792427.101,Inflow_ON,593,60109,1593276
LOOPLOG,1638792437.099,Inflow_OFF,618,10016,1603302
LOOPLOG,1638792475.386,Outflow_ON,714,68319,1641560
LOOPLOG,1638792495.431,Outflow_OFF,692,20027,1661587
LOOPLOG,1638792495.472,Inflow_ON,692,68303,1661589
LOOPLOG,1638792505.462,Inflow_OFF,382,10012,1671610
LOOPLOG,1638792535.48,Outflow_ON,84,60041,1701601
LOOPLOG,1638792555.525,Outflow_OFF,919,20026,1721628
LOOPLOG,1638792555.566,Inflow_ON,919,60030,1721632
LOOPLOG,1638792565.564,Inflow_OFF,919,10017,1731658
LOOPLOG,1638792596.102,Outflow_ON,775,60572,1762174
LOOPLOG,1638792616.151,Outflow_OFF,844,20030,1782204
LOOPLOG,1638792616.188,Inflow_ON,844,60564,1782206
LOOPLOG,1638792626.194,Inflow_OFF,917,10014,1792229
LOOPLOG,1638792656.221,Outflow_ON,574,60055,1822229
LOOPLOG,1638792676.266,Outflow_OFF,585,20027,1842256
LOOPLOG,1638792676.302,Inflow_ON,585,60042,1842258
LOOPLOG,1638792686.296,Inflow_OFF,829,10011,1852279
LOOPLOG,1638792727.344,Outflow_ON,705,71065,1893295
LOOPLOG,1638792747.389,Outflow_OFF,618,20028,1913323
LOOPLOG,1638792747.43,Inflow_ON,618,71056,1913325
LOOPLOG,1638792757.424,Inflow_OFF,914,10016,1923350
LOOPLOG,1638792789.748,Outflow_ON,741,62349,1955644
LOOPLOG,1638792809.793,Outflow_OFF,871,20029,1975673
LOOPLOG,1638792809.83,Inflow_ON,871,62340,1975675
LOOPLOG,1638792819.828,Inflow_OFF,938,10016,1985701
LOOPLOG,1638792852.48,Outflow_ON,763,62680,2018324
LOOPLOG,1638792872.525,Outflow_OFF,924,20028,2038352
LOOPLOG,1638792872.562,Inflow_ON,924,62668,2038354
LOOPLOG,1638792882.555,Inflow_OFF,670,10013,2048377
LOOPLOG,1638792915.227,Outflow_ON,705,62688,2081012
LOOPLOG,1638792935.268,Outflow_OFF,919,20032,2101044
LOOPLOG,1638792935.305,Inflow_ON,919,62681,2101046
LOOPLOG,1638792945.303,Inflow_OFF,572,10015,2111070
LOOPLOG,1638793009.562,Outflow_ON,742,94264,2175277
LOOPLOG,1638793029.624,Outflow_OFF,932,20031,2195308
LOOPLOG,1638793029.66,Inflow_ON,932,94259,2195320
LOOPLOG,1638793039.658,Inflow_OFF,919,10017,2205347
LOOPLOG,1638793069.672,Outflow_ON,611,60061,2235339
LOOPLOG,1638793089.725,Outflow_OFF,887,20033,2255372
LOOPLOG,1638793089.762,Inflow_ON,887,60043,2255374
LOOPLOG,1638793099.76,Inflow_OFF,935,10017,2265400
LOOPLOG,1638793148.009,Outflow_ON,763,78270,2313610
LOOPLOG,1638793168.062,Outflow_OFF,470,20032,2333643
LOOPLOG,1638793168.099,Inflow_ON,470,78260,2333644
LOOPLOG,1638793178.097,Inflow_OFF,301,10015,2343669
LOOPLOG,1638793208.152,Outflow_ON,123,60092,2373702
LOOPLOG,1638793228.18,Outflow_OFF,140,20007,2393710
LOOPLOG,1638793228.217,Inflow_ON,140,60057,2393712
LOOPLOG,1638793238.199,Inflow_OFF,94,10002,2403723
LOOPLOG,1638793268.25,Outflow_ON,180,60045,2433748
LOOPLOG,1638793288.299,Outflow_OFF,878,20034,2453782
LOOPLOG,1638793288.34,Inflow_ON,878,60061,2453783
LOOPLOG,1638793298.346,Inflow_OFF,925,10017,2463809
LOOPLOG,1638793347.905,Outflow_ON,768,79591,2513340
LOOPLOG,1638793367.958,Outflow_OFF,668,20032,2533372
LOOPLOG,1638793367.995,Inflow_ON,668,79580,2533373
LOOPLOG,1638793377.993,Inflow_OFF,503,10015,2543399
LOOPLOG,1638793408.073,Outflow_ON,154,60116,2573456
LOOPLOG,1638793428.109,Outflow_OFF,830,20019,2593475
LOOPLOG,1638793428.15,Inflow_ON,830,60092,2593477
LOOPLOG,1638793438.144,Inflow_OFF,912,10017,2603503
LOOPLOG,1638793554.252,Outflow_ON,732,146057,2719513
LOOPLOG,1638793574.301,Outflow_OFF,933,20032,2739546
LOOPLOG,1638793574.342,Inflow_ON,933,146060,2739548
LOOPLOG,1638793584.34,Inflow_OFF,947,10017,2749574
LOOPLOG,1638793614.379,Outflow_ON,633,60077,2779590
LOOPLOG,1638793634.432,Outflow_OFF,489,20034,2799624
LOOPLOG,1638793634.468,Inflow_ON,489,60067,2799625
LOOPLOG,1638793644.466,Inflow_OFF,486,10016,2809651
LOOPLOG,1638793674.558,Outflow_ON,369,60125,2839716
LOOPLOG,1638793694.607,Outflow_OFF,467,20033,2859749
LOOPLOG,1638793694.644,Inflow_ON,467,60114,2859750
LOOPLOG,1638793704.642,Inflow_OFF,521,10017,2869776
LOOPLOG,1638793734.73,Outflow_ON,626,60126,2899843
LOOPLOG,1638793754.783,Outflow_OFF,924,20030,2919874
LOOPLOG,1638793754.82,Inflow_ON,924,60115,2919875
LOOPLOG,1638793764.814,Inflow_OFF,935,10017,2929901
LOOPLOG,1638793927.409,Outflow_ON,776,192515,3092358
LOOPLOG,1638793947.458,Outflow_OFF,577,20033,3112391
LOOPLOG,1638793947.499,Inflow_ON,577,192508,3112394
LOOPLOG,1638793957.505,Inflow_OFF,909,10016,3122419
LOOPLOG,1638794174.776,Outflow_ON,736,247145,3339503
LOOPLOG,1638794194.821,Outflow_OFF,917,20033,3359536
LOOPLOG,1638794194.862,Inflow_ON,917,247134,3359539
LOOPLOG,1638794204.86,Inflow_OFF,919,10017,3369565
LOOPLOG,1638794338.715,Outflow_ON,764,163792,3503295
LOOPLOG,1638794358.752,Outflow_OFF,898,20032,3523328
LOOPLOG,1638794358.792,Inflow_ON,898,163781,3523331
LOOPLOG,1638794368.786,Inflow_OFF,911,10017,3533357
LOOPLOG,1638794425.518,Outflow_ON,762,86744,3590041
LOOPLOG,1638794445.57,Outflow_OFF,884,20032,3610073
LOOPLOG,1638794445.607,Inflow_ON,884,86733,3610074
LOOPLOG,1638794455.605,Inflow_OFF,663,10016,3620100
LOOPLOG,1638794493.713,Outflow_ON,706,68132,3658173
LOOPLOG,1638794513.762,Outflow_OFF,826,20028,3678201
LOOPLOG,1638794513.799,Inflow_ON,826,68117,3678206
LOOPLOG,1638794523.796,Inflow_OFF,927,10016,3688232
LOOPLOG,1638794578.107,Outflow_ON,778,84322,3742495
LOOPLOG,1638794598.156,Outflow_OFF,950,20033,3762529
LOOPLOG,1638794598.197,Inflow_ON,950,84314,3762531
LOOPLOG,1638794608.191,Inflow_OFF,929,10016,3772557
LOOPLOG,1638794654.346,Outflow_ON,696,76178,3818674
LOOPLOG,1638794674.395,Outflow_OFF,224,20027,3838702
LOOPLOG,1638794674.432,Inflow_ON,224,76163,3838705
LOOPLOG,1638794684.504,Inflow_OFF,131,10090,3848805
LOOPLOG,1638794786.088,Outflow_ON,766,131628,3950304
LOOPLOG,1638794806.133,Outflow_OFF,714,20027,3970331
LOOPLOG,1638794806.174,Inflow_ON,714,131618,3970334
LOOPLOG,1638794816.16,Inflow_OFF,90,10008,3980351
LOOPLOG,1638794846.264,Outflow_ON,431,60126,4010430
LOOPLOG,1638794866.317,Outflow_OFF,927,20034,4030464
LOOPLOG,1638794866.354,Inflow_ON,927,60121,4030465
LOOPLOG,1638794876.352,Inflow_OFF,919,10017,4040491
LOOPLOG,1638794949.495,Outflow_ON,750,103144,4113574
LOOPLOG,1638794969.622,Outflow_OFF,915,20110,4133684
LOOPLOG,1638794969.662,Inflow_ON,915,103210,4133686
LOOPLOG,1638794979.66,Inflow_OFF,925,10017,4143713
LOOPLOG,1638795019.459,Outflow_ON,745,69904,4183478
LOOPLOG,1638795039.504,Outflow_OFF,950,20025,4203504
LOOPLOG,1638795039.541,Inflow_ON,950,69809,4203506
LOOPLOG,1638795049.539,Inflow_OFF,945,10017,4213533
LOOPLOG,1638795086.111,Outflow_ON,766,66596,4250075
LOOPLOG,1638795106.18,Outflow_OFF,72,20053,4270128
LOOPLOG,1638795106.217,Inflow_ON,72,66613,4270129
LOOPLOG,1638795116.301,Inflow_OFF,927,10101,4280238
LOOPLOG,1638795155.764,Outflow_ON,700,69595,4319670
LOOPLOG,1638795175.817,Outflow_OFF,932,20027,4339697
LOOPLOG,1638795175.854,Inflow_ON,932,69563,4339706
LOOPLOG,1638795185.848,Inflow_OFF,488,10011,4349728
LOOPLOG,1638795233.486,Outflow_ON,779,77656,4397326
LOOPLOG,1638795253.535,Outflow_OFF,923,20030,4417357
LOOPLOG,1638795253.572,Inflow_ON,923,77641,4417358
LOOPLOG,1638795263.57,Inflow_OFF,914,10015,4427383
LOOPLOG,1638795294.133,Outflow_ON,726,60595,4457921
LOOPLOG,1638795314.182,Outflow_OFF,952,20031,4477954
LOOPLOG,1638795314.219,Inflow_ON,952,60586,4477955
LOOPLOG,1638795324.208,Inflow_OFF,196,10008,4487972
LOOPLOG,1638795437.384,Outflow_ON,747,143131,4601054
LOOPLOG,1638795457.433,Outflow_OFF,921,20032,4621086
LOOPLOG,1638795457.474,Inflow_ON,921,143122,4L21088
LOOPLOG,1638795467.476,Inflow_OFF,924,10016,4631108
LOOPLOG,1638795526.001,Outflow_ON,761,88533,4689587
LOOPLOG,1638795546.034,Outflow_OFF,918,20014,4709602
LOOPLOG,1638795546.074,Inflow_ON,918,88511,4709603
LOOPLOG,1638795556.068,Inflow_OFF,539,10016,4719628
LOOPLOG,1638795640.037,Outflow_ON,762,113938,4803525
LOOPLOG,1638795660.085,Outflow_OFF,425,20030,4823557
LOOPLOG,1638795660.122,Inflow_ON,425,113945,4823559
LOOPLOG,1638795670.12,Inflow_OFF,908,10016,4833584
LOOPLOG,1638795805.196,Outflow_ON,755,165019,4968545
LOOPLOG,1638795825.241,Outflow_OFF,926,20030,4988575
LOOPLOG,1638795825.282,Inflow_ON,926,16500L,4988578
LOOPLOG,1638795835.28,Inflow_OFF,803,10016,4998595
LOOPLOG,1638795865.372,Outflow_ON,439,60118,5028664
LOOPLOG,1638795885.425,Outflow_OFF,933,20032,5048697
LOOPLOG,1638795885.462,Inflow_ON,933,60118,5048698
LOOPLOG,1638795895.459,Inflow_OFF,935,10016,5058724
LOOPLOG,1638796107.844,Outflow_ON,765,242268,5270932
LOOPLOG,1638796127.893,Outflow_OFF,941,20032,5290964
LOOPLOG,1638796127.934,Inflow_ON,941,24225L,5290967
LOOPLOG,1638796137.932,Inflow_OFF,931,10016,5300983
LOOPLOG,1638796257.39,Outflow_ON,762,149409,5420341
LOOPLOG,1638796277.443,Outflow_OFF,926,20032,5440374
LOOPLOG,1638796277.48,Inflow_ON,926,149408,5440377
LOOPLOG,1638796287.478,Inflow_OFF,927,10016,5450403
LOOPLOG,1638796317.59,Outflow_ON,127,60149,5480491
LOOPLOG,1638796337.635,Outflow_OFF,916,20027,5500518
LOOPLOG,1638796337.672,Inflow_ON,916,60132,5500520
LOOPLOG,1638796347.67,Inflow_OFF,925,10017,5510546
LOOPLOG,1638796477.765,Outflow_ON,729,160041,5640532
LOOPLOG,1638796497.818,Outflow_OFF,804,20030,5660564
LOOPLOG,1638796497.859,Inflow_ON,804,160035,5660570
LOOPLOG,1638796507.853,Inflow_OFF,634,10016,5670595
LOOPLOG,1638796538.731,Outflow_ON,758,60913,5701448
LOOPLOG,1638796558.776,Outflow_OFF,724,20025,5721473
LOOPLOG,1638796558.813,Inflow_ON,724,60895,5721475
LOOPLOG,1638796568.803,Inflow_OFF,665,10010,5731494
LOOPLOG,1638796598.927,Outflow_ON,725,60146,5761594
LOOPLOG,1638796618.956,Outflow_OFF,749,20010,5781604
LOOPLOG,1638796618.993,Inflow_ON,749,60121,5781606
LOOPLOG,1638796628.974,Inflow_OFF,561,10001,5791616
LOOPLOG,1638796659.353,Outflow_ON,763,60370,5821964
LOOPLOG,1638796679.39,Outflow_OFF,623,20025,5841989
LOOPLOG,1638796679.431,Inflow_ON,623,60375,5841991
LOOPLOG,1638796689.412,Inflow_OFF,557,10005,5852005
LOOPLOG,1638796719.484,Outflow_ON,327,60086,5882050
LOOPLOG,1638796739.537,Outflow_OFF,932,20032,5902083
LOOPLOG,1638796739.574,Inflow_ON,932,60084,5902085
LOOPLOG,1638796749.571,Inflow_OFF,924,10017,5912111
LOOPLOG,1638796789.666,Outflow_ON,743,70123,5952174
LOOPLOG,1638796809.784,Outflow_OFF,34,20097,5972273
LOOPLOG,1638796809.821,Inflow_ON,34,70179,5972273
LOOPLOG,1638796819.884,Inflow_OFF,210,10083,5982364
LOOPLOG,1638796991.761,Outflow_ON,766,201923,6154099
LOOPLOG,1638797011.79,Outflow_OFF,907,20012,6174111
LOOPLOG,1638797011.831,Inflow_ON,907,201830,6174113
LOOPLOG,1638797021.828,Inflow_OFF,928,10016,6184139
LOOPLOG,1638797055.983,Outflow_ON,777,64162,6218261
LOOPLOG,1638797076.028,Outflow_OFF,929,20033,6238295
LOOPLOG,1638797076.065,Inflow_ON,929,64172,6238296
LOOPLOG,1638797086.063,Inflow_OFF,932,10017,6248322
LOOPLOG,1638797161.975,Outflow_ON,706,105896,6324157
LOOPLOG,1638797182.003,Outflow_OFF,543,20023,6344180
LOOPLOG,1638797182.044,Inflow_ON,543,105876,6344183
LOOPLOG,1638797192.03,Inflow_OFF,731,10004,6354198
LOOPLOG,1638797222.081,Outflow_ON,632,60067,6384224
LOOPLOG,1638797242.109,Outflow_OFF,662,20010,6404234
LOOPLOG,1638797242.146,Inflow_ON,662,60042,6404236
LOOPLOG,1638797252.136,Inflow_OFF,734,10008,6414253
LOOPLOG,1638797287.241,Outflow_ON,748,65105,6449329
LOOPLOG,1638797307.278,Outflow_OFF,53,20019,6469349
LOOPLOG,1638797307.315,Inflow_ON,53,65105,646L350
LOOPLOG,1638797317.39,Inflow_OFF,758,10087,6479440
LOOPLOG,1638797383.272,Outflow_ON,769,95938,6545269
LOOPLOG,1638797403.296,Outflow_OFF,557,20007,6565276
LOOPLOG,1638797403.337,Inflow_ON,557,95923,6565277
LOOPLOG,1638797413.335,Inflow_OFF,917,10017,6575304
LOOPLOG,1638797459.822,Outflow_ON,757,76483,6621752
LOOPLOG,1638797479.867,Outflow_OFF,858,20028,6641781
LOOPLOG,1638797479.904,Inflow_ON,858,76495,6641783
LOOPLOG,1638797489.898,Inflow_OFF,394,10013,6651806
LOOPLOG,1638797520.014,Outflow_ON,690,60141,6681895
LOOPLOG,1638797540.063,Outflow_OFF,927,20031,6701926
LOOPLOG,1638797540.1,Inflow_ON,927,60134,6701928
LOOPLOG,1638797550.098,Inflow_OFF,183,10015,6711953
LOOPLOG,1638797582.64,Outflow_ON,743,62573,6744468
LOOPLOG,1638797602.688,Outflow_OFF,922,20031,6764502
LOOPLOG,1638797602.729,Inflow_ON,922,62565,6764503
LOOPLOG,1638797612.719,Inflow_OFF,886,10010,6774522
LOOPLOG,1638797642.831,Outflow_ON,273,60140,6804609
LOOPLOG,1638797662.88,Outflow_OFF,749,20032,6824642
LOOPLOG,1638797662.921,Inflow_ON,749,60131,6824644
LOOPLOG,1638797672.915,Inflow_OFF,287,10014,6834667
LOOPLOG,1638797732.534,Outflow_ON,778,89627,6894237
LOOPLOG,1638797752.583,Outflow_OFF,930,20033,6914271
LOOPLOG,1638797752.624,Inflow_ON,930,89618,6914272
LOOPLOG,1638797762.618,Inflow_OFF,928,10017,6924298
LOOPLOG,1638797803.612,Outflow_ON,766,71006,6965243
LOOPLOG,1638797823.682,Outflow_OFF,103,20067,6985310
LOOPLOG,1638797823.723,Inflow_ON,103,71030,6985312
LOOPLOG,1638797833.717,Inflow_OFF,923,10017,6995338
LOOPLOG,1638797864.341,Outflow_ON,770,60694,7025937
LOOPLOG,1638797884.394,Outflow_OFF,930,20032,7045969
LOOPLOG,1638797884.434,Inflow_ON,930,60649,7045971
LOOPLOG,1638797894.429,Inflow_OFF,929,10015,7055996
LOOPLOG,1638797930.341,Outflow_ON,743,65941,7091879
LOOPLOG,1638797950.378,Outflow_OFF,928,20021,7111901
LOOPLOG,1638797950.419,Inflow_ON,928,65920,7111902
LOOPLOG,1638797960.413,Inflow_OFF,919,10016,7121928
LOOPLOG,1638798093.051,Outflow_ON,770,162569,7254448
LOOPLOG,1638798113.17,Outflow_OFF,310,20104,7274552
LOOPLOG,1638798113.211,Inflow_ON,310,162642,7274558
LOOPLOG,1638798123.205,Inflow_OFF,789,10016,7284584
LOOPLOG,1638798336.035,Outflow_ON,769,242786,7497234
LOOPLOG,1638798356.076,Outflow_OFF,374,20026,7517261
LOOPLOG,1638798356.117,Inflow_ON,374,242695,7517264
LOOPLOG,1638798366.107,Inflow_OFF,347,10011,7527285
LOOPLOG,1638798409.539,Outflow_ON,764,73443,7570678
LOOPLOG,1638798429.588,Outflow_OFF,926,20033,7590711
LOOPLOG,1638798429.625,Inflow_ON,926,73437,7590712
LOOPLOG,1638798439.623,Inflow_OFF,932,10017,7600739
LOOPLOG,1638798469.702,Outflow_ON,691,60116,7630794
LOOPLOG,1638798489.755,Outflow_OFF,933,20033,7650828
LOOPLOG,1638798489.792,Inflow_ON,933,60107,7650829
LOOPLOG,1638798499.79,Inflow_OFF,930,10017,7660855
LOOPLOG,1638798560.936,Outflow_ON,735,91157,7721951
LOOPLOG,1638798580.986,Outflow_OFF,942,20032,7741983
LOOPLOG,1638798581.026,Inflow_ON,942,91146,7741985
LOOPLOG,1638798591.02,Inflow_OFF,905,10015,7752011
LOOPLOG,1638798651.831,Outflow_ON,755,90817,7812768
LOOPLOG,1638798671.88,Outflow_OFF,539,20034,7832802
LOOPLOG,1638798671.921,Inflow_ON,539,90807,7832803
LOOPLOG,1638798681.915,Inflow_OFF,925,10017,7842829
LOOPLOG,1638798712.023,Outflow_ON,730,60142,7872910
LOOPLOG,1638798732.072,Outflow_OFF,927,20032,7892943
LOOPLOG,1638798732.113,Inflow_ON,927,60132,7892945
LOOPLOG,1638798742.107,Inflow_OFF,913,10016,7902971
LOOPLOG,1638798772.219,Outflow_ON,703,60141,7933052
LOOPLOG,1638798792.264,Outflow_OFF,484,20032,7953084
LOOPLOG,1638798792.301,Inflow_ON,484,60130,7953086
LOOPLOG,1638798802.299,Inflow_OFF,928,10017,7963112
LOOPLOG,1638798920.622,Outflow_ON,776,148283,8081335
LOOPLOG,1638798940.659,Outflow_OFF,880,20015,8101352
LOOPLOG,1638798940.7,Inflow_ON,880,148257,8101358
LOOPLOG,1638798950.694,Inflow_OFF,934,10017,8111384
LOOPLOG,1638798980.716,Outflow_ON,659,60044,8141380
LOOPLOG,1638799000.737,Outflow_OFF,481,20004,8161384
LOOPLOG,1638799000.777,Inflow_ON,481,60018,8161386
LOOPLOG,1638799010.763,Inflow_OFF,623,10007,8171402
LOOPLOG,1638799040.81,Outflow_ON,476,60042,8201423
LOOPLOG,1638799060.834,Outflow_OFF,607,20007,8221431
LOOPLOG,1638799060.875,Inflow_ON,607,60036,8221432
LOOPLOG,1638799070.857,Inflow_OFF,706,10004,8231446
LOOPLOG,1638799100.908,Outflow_ON,593,60049,8261472
LOOPLOG,1638799120.94,Outflow_OFF,736,20012,8281484
LOOPLOG,1638799120.977,Inflow_ON,736,60043,8281486
LOOPLOG,1638799130.959,Inflow_OFF,530,10004,8291499
LOOPLOG,1638799219.973,Outflow_ON,778,118964,8380436
LOOPLOG,1638799240.01,Outflow_OFF,930,20020,8400457
LOOPLOG,1638799240.051,Inflow_ON,930,118962,8400459
LOOPLOG,1638799250.044,Inflow_OFF,931,10011,8410481
LOOPLOG,1638799280.063,Outflow_ON,708,60037,8440475
LOOPLOG,1638799300.1,Outflow_OFF,932,20021,8460496
LOOPLOG,1638799300.14,Inflow_ON,932,60027,8460498
LOOPLOG,1638799310.134,Inflow_OFF,932,10016,8470524
LOOPLOG,1638799382.073,Outflow_ON,743,101923,8542398
LOOPLOG,1638799402.179,Outflow_OFF,935,20090,8562488
LOOPLOG,1638799402.216,Inflow_ON,935,101980,8562490
LOOPLOG,1638799412.214,Inflow_OFF,915,10017,8572516
LOOPLOG,1638799444.178,Outflow_ON,770,62047,8604445
LOOPLOG,1638799464.219,Outflow_OFF,933,20034,8624479
LOOPLOG,1638799464.26,Inflow_ON,933,61980,8624480
LOOPLOG,1638799474.254,Inflow_OFF,809,10015,8634505
LOOPLOG,1638799511.763,Outflow_ON,745,67536,8671981
LOOPLOG,1638799531.812,Outflow_OFF,849,20032,8692014
LOOPLOG,1638799531.853,Inflow_ON,849,67526,8692016
LOOPLOG,1638799541.847,Inflow_OFF,922,10015,8702040
LOOPLOG,1638799594.33,Outflow_ON,752,82497,8754479
LOOPLOG,1638799614.379,Outflow_OFF,929,20031,8774510
LOOPLOG,1638799614.416,Inflow_ON,929,82486,8774512
LOOPLOG,1638799624.414,Inflow_OFF,938,10017,8784538
LOOPLOG,1638799654.437,Outflow_ON,53,60059,8814539
LOOPLOG,1638799674.473,Outflow_OFF,932,20011,8834551
LOOPLOG,1638799674.514,Inflow_ON,932,60030,8834557
LOOPLOG,1638799684.508,Inflow_OFF,430,10014,8844581
LOOPLOG,1638799724.36,Outflow_ON,702,69861,8884400
LOOPLOG,1638799744.409,Outflow_OFF,921,20031,8904432
LOOPLOG,1638799744.446,Inflow_ON,921,69865,8904433
LOOPLOG,1638799754.456,Inflow_OFF,763,10016,8914458
LOOPLOG,1638799923.703,Outflow_ON,708,199164,9083564
LOOPLOG,1638799943.744,Outflow_OFF,769,20025,9103590
LOOPLOG,1638799943.785,Inflow_ON,769,199148,9103592
LOOPLOG,1638799953.779,Inflow_OFF,748,10014,9113615
LOOPLOG,1638800036.654,Outflow_ON,778,112855,9196419
LOOPLOG,1638800057.268,Outflow_OFF,681,20026,9216445
LOOPLOG,1638800057.272,Inflow_ON,681,112845,9216448
LOOPLOG,1638800066.733,Inflow_OFF,898,10017,9226474
LOOPLOG,1638800109.305,Outflow_ON,748,72591,9269010
LOOPLOG,1638800129.354,Outflow_OFF,889,20023,9289034
LOOPLOG,1638800129.395,Inflow_ON,889,72581,9289044
LOOPLOG,1638800139.389,Inflow_OFF,933,10016,9299070
LOOPLOG,1638800190.316,Outflow_ON,767,80944,9349955
LOOPLOG,1638800210.365,Outflow_OFF,817,20031,9369987
LOOPLOG,1638800210.406,Inflow_ON,817,80933,9369988
LOOPLOG,1638800220.4,Inflow_OFF,919,10017,9380014
LOOPLOG,1638800292.445,Outflow_ON,702,102042,9451997
LOOPLOG,1638800312.494,Outflow_OFF,936,20031,9472028
LOOPLOG,1638800312.531,Inflow_ON,936,10203L,9472030
LOOPLOG,1638800322.529,Inflow_OFF,931,10017,9482047
LOOPLOG,1638800407.464,Outflow_ON,758,114911,9566908
LOOPLOG,1638800427.509,Outflow_OFF,939,20028,9586938
LOOPLOG,1638800427.55,Inflow_ON,939,114908,9586940
LOOPLOG,1638800437.547,Inflow_OFF,940,10016,9596966
LOOPLOG,1638800509.81,Outflow_ON,778,102261,9669170
LOOPLOG,1638800529.859,Outflow_OFF,933,20031,9689202
LOOPLOG,1638800529.9,Inflow_ON,933,102252,9689204
LOOPLOG,1638800539.906,Inflow_OFF,939,10017,9699230
LOOPLOG,1638800669.227,Outflow_ON,752,159273,9828444
LOOPLOG,1638800689.272,Outflow_OFF,831,20029,9848473
LOOPLOG,1638800689.313,Inflow_ON,831,159261,9848476
LOOPLOG,1638800699.307,Inflow_OFF,779,10014,9858499
LOOPLOG,1638800734.441,Outflow_ON,747,65161,9893605
LOOPLOG,1638800754.486,Outflow_OFF,767,20027,9913633
LOOPLOG,1638800754.527,Inflow_ON,767,65148,9913634
LOOPLOG,1638800764.521,Inflow_OFF,906,10014,9923660
LOOPLOG,1638800794.625,Outflow_ON,513,60130,9953736
LOOPLOG,1638800814.67,Outflow_OFF,912,20031,9973767
LOOPLOG,1638800814.71,Inflow_ON,912,60123,9973769
LOOPLOG,1638800824.708,Inflow_OFF,925,10017,9983795
LOOPLOG,1638800859.314,Outflow_ON,765,64635,10018371
LOOPLOG,1638800879.359,Outflow_OFF,844,20027,10038398
LOOPLOG,1638800879.4,Inflow_ON,844,64622,1003L402
LOOPLOG,1638800889.398,Inflow_OFF,824,10012,10048420
LOOPLOG,1638800988.103,Outflow_ON,750,128670,10147041
LOOPLOG,1638801008.148,Outflow_OFF,891,20029,10167070
LOOPLOG,1638801008.189,Inflow_ON,891,128663,10167074
LOOPLOG,1638801018.186,Inflow_OFF,925,10015,10177101
LOOPLOG,1638801181.781,Outflow_ON,779,193515,10340556
LOOPLOG,1638801201.83,Outflow_OFF,769,20033,10360589
LOOPLOG,1638801201.871,Inflow_ON,769,193505,L0360593
LOOPLOG,1638801211.869,Inflow_OFF,801,10015,10370610
LOOPLOG,1638801261.334,Outflow_ON,740,79477,10420033
LOOPLOG,1638801281.383,Outflow_OFF,912,20031,10440065
LOOPLOG,1638801281.424,Inflow_ON,912,79471,10440067
LOOPLOG,1638801291.43,Inflow_OFF,930,10015,10450092
LOOPLOG,1638801337.041,Outflow_ON,744,75634,10495668
LOOPLOG,1638801357.09,Outflow_OFF,930,20029,10515698
LOOPLOG,1638801357.131,Inflow_ON,930,75621,10515700
LOOPLOG,1638801367.125,Inflow_OFF,925,10016,10525726
LOOPLOG,1638801431.27,Outflow_ON,779,94150,10589818
LOOPLOG,1638801451.323,Outflow_OFF,926,20033,10609851
LOOPLOG,1638801451.363,Inflow_ON,926,94142,10609854
LOOPLOG,1638801461.365,Inflow_OFF,927,10017,10619881
LOOPLOG,1638801502.131,Outflow_ON,767,70795,10660614
LOOPLOG,1638801522.18,Outflow_OFF,832,20029,10680643
LOOPLOG,1638801522.217,Inflow_ON,832,70780,10680646
LOOPLOG,1638801532.215,Inflow_OFF,842,10016,10690672
LOOPLOG,1638801563.069,Outflow_ON,764,60886,10721500
LOOPLOG,1638801583.118,Outflow_OFF,888,20030,10741531
LOOPLOG,1638801583.159,Inflow_ON,888,60875,10741533
LOOPLOG,1638801593.156,Inflow_OFF,926,10017,10751560
LOOPLOG,1638801630.306,Outflow_ON,777,67169,10788670
LOOPLOG,1638801650.346,Outflow_OFF,916,20032,10808702
LOOPLOG,1638801650.387,Inflow_ON,916,67161,10808706
LOOPLOG,1638801660.385,Inflow_OFF,922,10017,10818733
LOOPLOG,1638801708.97,Outflow_ON,754,78598,10867268
LOOPLOG,1638801729.01,Outflow_OFF,923,20033,10887301
LOOPLOG,1638801729.051,Inflow_ON,923,78585,10887303
LOOPLOG,1638801739.045,Inflow_OFF,927,10017,10897330
LOOPLOG,1638801804.476,Outflow_ON,751,95437,10962706
LOOPLOG,1638801824.529,Outflow_OFF,918,20031,10982737
LOOPLOG,1638801824.566,Inflow_ON,918,95425,10982740
LOOPLOG,1638801834.564,Inflow_OFF,729,10014,10992766
LOOPLOG,1638802019.731,Outflow_ON,777,215073,11177779
LOOPLOG,1638802039.78,Outflow_OFF,842,20031,11197810
LOOPLOG,1638802039.821,Inflow_ON,842,215059,11197813
LOOPLOG,1638802049.819,Inflow_OFF,924,10016,11207840
LOOPLOG,1638802116.802,Outflow_ON,772,96989,11274768
LOOPLOG,1638802136.851,Outflow_OFF,926,20031,11294800
LOOPLOG,1638802136.892,Inflow_ON,926,96977,11294802
LOOPLOG,1638802146.89,Inflow_OFF,923,10015,11304829
LOOPLOG,1638802178.624,Outflow_ON,765,61772,11336541
LOOPLOG,1638802198.681,Outflow_OFF,926,20032,11356573
LOOPLOG,1638802198.723,Inflow_ON,926,61761,11356581
LOOPLOG,1638802208.72,Inflow_OFF,832,10015,11366607
LOOPLOG,1638802247.958,Outflow_ON,777,69273,11405814
LOOPLOG,1638802268.007,Outflow_OFF,929,20033,11425848
LOOPLOG,1638802268.048,Inflow_ON,929,69256,11425850
LOOPLOG,1638802278.054,Inflow_OFF,855,10017,11435877
LOOPLOG,1638802326.082,Outflow_ON,746,78051,11483865
LOOPLOG,1638802346.131,Outflow_OFF,926,20030,11503895
LOOPLOG,1638802346.172,Inflow_ON,926,78036,11503898
LOOPLOG,1638802356.169,Inflow_OFF,810,10016,11513924
LOOPLOG,1638802399.581,Outflow_ON,778,73436,11557301
LOOPLOG,1638802419.63,Outflow_OFF,928,20031,11577332
LOOPLOG,1638802419.671,Inflow_ON,928,73424,11577334
LOOPLOG,1638802429.669,Inflow_OFF,927,10014,11587361
LOOPLOG,1638802478.909,Outflow_ON,751,79258,11636559
LOOPLOG,1638802498.958,Outflow_OFF,920,20034,11656593
LOOPLOG,1638802498.999,Inflow_ON,920,79248,11656596
LOOPLOG,1638802508.997,Inflow_OFF,926,10016,11666623
LOOPLOG,1638802644.932,Outflow_ON,740,165884,11802443
LOOPLOG,1638802664.982,Outflow_OFF,925,20033,11822477
LOOPLOG,1638802665.022,Inflow_ON,925,165871,11822480
LOOPLOG,1638802675.02,Inflow_OFF,928,10017,11832507
LOOPLOG,1638802907.343,Outflow_ON,757,262191,12064634
LOOPLOG,1638802927.392,Outflow_OFF,919,20033,12084668
LOOPLOG,1638802927.433,Inflow_ON,919,262178,12084671
LOOPLOG,1638802937.431,Inflow_OFF,776,10017,12094699
LOOPLOG,1638803019.609,Outflow_ON,747,112176,12176811
LOOPLOG,1638803039.662,Outflow_OFF,913,20032,12196844
LOOPLOG,1638803039.703,Inflow_ON,913,112163,12196L48
LOOPLOG,1638803049.709,Inflow_OFF,927,10017,12206871
LOOPLOG,1638803111.507,Outflow_ON,761,91805,12268617
LOOPLOG,1638803131.56,Outflow_OFF,917,20032,12288649
LOOPLOG,1638803131.601,Inflow_ON,917,91798,12288658
LOOPLOG,1638803141.599,Inflow_OFF,909,10017,12298685
LOOPLOG,1638803195.25,Outflow_ON,773,83675,12352292
LOOPLOG,1638803215.303,Outflow_OFF,928,20033,12372326
LOOPLOG,1638803215.34,Inflow_ON,928,83659,12372329
LOOPLOG,1638803225.35,Inflow_OFF,932,10016,12382356
LOOPLOG,1638803339.361,Outflow_ON,775,143979,12496272
LOOPLOG,1638803359.41,Outflow_OFF,935,20032,12516304
LOOPLOG,1638803359.451,Inflow_ON,935,143966,12516308
LOOPLOG,1638803369.449,Inflow_OFF,922,10017,12526336
LOOPLOG,1638803406.348,Outflow_ON,772,66933,12563205
LOOPLOG,1638803426.405,Outflow_OFF,926,20032,12583237
LOOPLOG,1638803426.446,Inflow_ON,926,66922,12583247
LOOPLOG,1638803436.444,Inflow_OFF,837,10015,12593274
LOOPLOG,1638803489.206,Outflow_ON,750,82788,12645993
LOOPLOG,1638803509.255,Outflow_OFF,920,20029,12666023
LOOPLOG,1638803509.296,Inflow_ON,920,82765,1266L025
LOOPLOG,1638803519.298,Inflow_OFF,925,10014,12676046
LOOPLOG,1638803555.878,Outflow_ON,754,66602,12712596
LOOPLOG,1638803575.931,Outflow_OFF,922,20030,12732628
LOOPLOG,1638803575.972,Inflow_ON,922,66598,12732636
LOOPLOG,1638803585.97,Inflow_OFF,924,10015,12742662
LOOPLOG,1638803656.701,Outflow_ON,765,100730,12813327
LOOPLOG,1638803676.741,Outflow_OFF,775,20027,12833356
LOOPLOG,1638803676.782,Inflow_ON,775,100710,12833359
LOOPLOG,1638803686.776,Inflow_OFF,763,10015,12843385
LOOPLOG,1638803719.751,Outflow_ON,768,62992,12876321
LOOPLOG,1638803739.788,Outflow_OFF,925,20032,12896353
LOOPLOG,1638803739.829,Inflow_ON,925,62984,12896356
LOOPLOG,1638803749.827,Inflow_OFF,930,10017,12906383
LOOPLOG,1638803941.72,Outflow_ON,741,221794,13098116
LOOPLOG,1638803961.769,Outflow_OFF,908,20032,13118148
LOOPLOG,1638803961.81,Inflow_ON,908,221782,13118151
LOOPLOG,1638803971.808,Inflow_OFF,918,10017,13128178
LOOPLOG,1638804024.243,Outflow_ON,758,82454,13180570
LOOPLOG,1638804044.296,Outflow_OFF,926,20034,13200604
LOOPLOG,1638804044.336,Inflow_ON,926,82443,13200606
LOOPLOG,1638804054.343,Inflow_OFF,921,10016,13210633
LOOPLOG,1638804147.649,Outflow_ON,761,123289,13303859
LOOPLOG,1638804167.698,Outflow_OFF,916,20032,13323892
LOOPLOG,1638804167.739,Inflow_ON,916,123276,13323896
LOOPLOG,1638804177.749,Inflow_OFF,803,10015,13333922
LOOPLOG,1638804448.544,Outflow_ON,767,300630,13604490
LOOPLOG,1638804468.593,Outflow_OFF,927,20030,13624521
LOOPLOG,1638804468.63,Inflow_ON,927,300614,13624524
LOOPLOG,1638804478.628,Inflow_OFF,866,10014,13634549
LOOPLOG,1638804577.017,Outflow_ON,742,128365,13732855
LOOPLOG,1638804597.062,Outflow_OFF,851,20031,13752886
LOOPLOG,1638804597.103,Inflow_ON,851,128351,137528L9
LOOPLOG,1638804607.109,Inflow_OFF,927,10016,13762914
LOOPLOG,1638804731.04,Outflow_ON,751,153881,13886736
LOOPLOG,1638804751.085,Outflow_OFF,770,20030,13906767
LOOPLOG,1638804751.126,Inflow_ON,770,153870,13906770
LOOPLOG,1638804761.132,Inflow_OFF,838,10014,13916796
LOOPLOG,1638804808.173,Outflow_ON,758,77058,13963795
LOOPLOG,1638804828.218,Outflow_OFF,922,20028,13983824
LOOPLOG,1638804828.259,Inflow_ON,922,77042,13983826
LOOPLOG,1638804838.252,Inflow_OFF,930,10014,13993851
LOOPLOG,1638804911.756,Outflow_ON,754,103499,14067295
LOOPLOG,1638804931.805,Outflow_OFF,836,20028,14087323
LOOPLOG,1638804931.846,Inflow_ON,836,103487,14087327
LOOPLOG,1638804941.84,Inflow_OFF,828,10015,14097352
LOOPLOG,1638805035.245,Outflow_ON,745,123384,14190679
LOOPLOG,1638805055.29,Outflow_OFF,876,20028,14210708
LOOPLOG,1638805055.33,Inflow_ON,876,123371,14210711
LOOPLOG,1638805065.328,Inflow_OFF,840,10016,14220737
LOOPLOG,1638805121.081,Outflow_ON,766,85766,14276445
LOOPLOG,1638805141.142,Outflow_OFF,812,20032,14296477
LOOPLOG,1638805141.183,Inflow_ON,812,85763,14296491
LOOPLOG,1638805151.181,Inflow_OFF,849,10017,14306518
LOOPLOG,1638805217.742,Outflow_ON,754,96580,14373026
LOOPLOG,1638805237.791,Outflow_OFF,924,20032,14393058
LOOPLOG,1638805237.832,Inflow_ON,924,96558,14393061
LOOPLOG,1638805247.838,Inflow_OFF,920,10015,14403086
LOOPLOG,1638805341.711,Outflow_ON,752,123841,14496867
LOOPLOG,1638805361.746,Outflow_OFF,914,20031,14516899
LOOPLOG,1638805361.787,Inflow_ON,914,123828,14516902
LOOPLOG,1638805371.785,Inflow_OFF,912,10016,14526930
LOOPLOG,1638805571.718,Outflow_ON,757,229829,14726696
LOOPLOG,1638805591.771,Outflow_OFF,910,20033,14746730
LOOPLOG,1638805591.808,Inflow_ON,910,229817,14746733
LOOPLOG,1638805601.806,Inflow_OFF,906,10016,14756760
LOOPLOG,1638806034.406,Outflow_ON,733,462300,15188997
LOOPLOG,1638806054.52,Outflow_OFF,80,20099,15209097
LOOPLOG,1638806054.561,Inflow_ON,80,462354,15209099
LOOPLOG,1638806064.62,Inflow_OFF,99,10077,15219186
LOOPLOG,1638806094.59,Outflow_ON,416,60132,15249131
LOOPLOG,1638806114.639,Outflow_OFF,527,20032,15269164
LOOPLOG,1638806114.68,Inflow_ON,527,60055,15269166
LOOPLOG,1638806124.677,Inflow_OFF,479,10017,15279193
LOOPLOG,1638806154.769,Outflow_ON,443,60127,15309258
LOOPLOG,1638806174.818,Outflow_OFF,525,20033,15329292
LOOPLOG,1638806174.859,Inflow_ON,525,60117,15329295
LOOPLOG,1638806184.857,Inflow_OFF,387,10016,15339322
LOOPLOG,1638806226.884,Outflow_ON,738,72056,15381315
LOOPLOG,1638806246.929,Outflow_OFF,935,20025,15401340
LOOPLOG,1638806246.97,Inflow_ON,935,72036,15401344
LOOPLOG,1638806256.968,Inflow_OFF,938,10017,15411371
