LOOPLOG,1633693484.247,Manually Switching on valve:IN - IN; Switching ON for (ms): 2000
LOOPLOG,1633693486.324,Manually Switching off valve: - IN 2102
LOOPLOG,1633693490.104,Manually Switching on valve:OUT - OUT; Switching ON for (ms): 2000
LOOPLOG,1633693492.181,Manually Switching off valve: - OUT 2104
LOOPLOG,1633693494.306,Manually Switching on valve:IN - IN; Switching ON for (ms): 2000
LOOPLOG,1633693495.056,Manually Switching off valve: - IN 0
LOOPLOG,1633693496.301,Manually Switching on valve:OUT - OUT; Switching ON for (ms): 2000
LOOPLOG,1633693496.944,Manually Switching off valve: - OUT 0
LOOPLOG,1633694305.023,Manually Switching on valve:IN - IN; Switching ON for (ms): 1800000
LOOPLOG,1633694307.096,Manually Switching off valve: - IN 0
LOOPLOG,1633694308.456,Manually Switching on valve:OUT - OUT; Switching ON for (ms): 1800000
LOOPLOG,1633694309.758,Manually Switching off valve: - OUT 0
LOOPLOG,1633705395.718,Outflow_ON,369,11093693,11093693
LOOPLOG,1633705415.75,Outflow_OFF,140,20019,11113712
LOOPLOG,1633705415.795,Inflow_ON,140,11113713,11113L18
LOOPLOG,1633705425.789,Inflow_OFF,491,10006,11123731
LOOPLOG,1633706267.54,Manually Switching on valve:IN - IN; Switching ON foLOG,939,938
LOOPLOG,1633706282.191,Manually Switching off valve: - IN 0
LOOPLOG,1633732617.854,Outflow_ON,348,26221425,26221425
LOOPLOG,1633732637.891,Outflow_OFF,356,20033,26241458
LOOPLOG,1633732637.932,Inflow_ON,356,26241459,26241464
LOOPLOG,1633732647.93,Inflow_OFF,369,10017,26251491
LOOPLOG,1633732909.996,Outflow_ON,348,291911,26513337
LOOPLOG,1633732930.045,Outflow_OFF,351,20031,26533369
LOOPLOG,1633732930.086,Inflow_ON,351,291895,26533372
LOOPLOG,1633732940.084,Inflow_OFF,368,10016,26543399
LOOPLOG,1633733240.041,Outflow_ON,348,329770,26843107
LOOPLOG,1633733260.09,Outflow_OFF,352,20032,26863140
LOOPLOG,1633733260.131,Inflow_ON,352,329758,26863144
LOOPLOG,1633733270.129,Inflow_OFF,367,10015,26873171
LOOPLOG,1633733472.704,Outflow_ON,348,232472,27075580
LOOPLOG,1633733492.753,Outflow_OFF,351,20033,27095614
LOOPLOG,1633733492.794,Inflow_ON,351,232460,27095L18
LOOPLOG,1633733502.8,Inflow_OFF,368,10017,27105641
LOOPLOG,1633733723.994,Outflow_ON,348,251071,27326652
LOOPLOG,1633733744.043,Outflow_OFF,349,20031,27346684
LOOPLOG,1633733744.084,Inflow_ON,349,251061,27346689
LOOPLOG,1633733754.082,Inflow_OFF,365,10017,27356716
LOOPLOG,1633733966.024,Outflow_ON,348,241829,27568482
LOOPLOG,1633733986.085,Outflow_OFF,352,20032,27588515
LOOPLOG,1633733986.126,Inflow_ON,352,241822,27588529
LOOPLOG,1633733996.124,Inflow_OFF,366,10017,27598557
LOOPLOG,1633734258.412,Outflow_ON,348,292140,27860622
LOOPLOG,1633734278.457,Outflow_OFF,352,20031,27880654
LOOPLOG,1633734278.498,Inflow_ON,352,292116,27880658
LOOPLOG,1633734288.495,Inflow_OFF,366,10016,27890685
LOOPLOG,1633734501.318,Outflow_ON,348,242708,28103331
LOOPLOG,1633734521.371,Outflow_OFF,351,20033,28123365
LOOPLOG,1633734521.408,Inflow_ON,351,242697,28123369
LOOPLOG,1633734531.406,Inflow_OFF,365,10017,28133396
LOOPLOG,1633734791.379,Outflow_ON,348,289818,28393151
LOOPLOG,1633734811.428,Outflow_OFF,352,20033,28413184
LOOPLOG,1633734811.469,Inflow_ON,352,289805,28413188
LOOPLOG,1633734821.467,Inflow_OFF,367,10016,28423214
LOOPLOG,1633735057.423,Outflow_ON,348,265823,28658975
LOOPLOG,1633735077.472,Outflow_OFF,352,20033,28679008
LOOPLOG,1633735077.513,Inflow_ON,352,265811L28679012
LOOPLOG,1633735087.511,Inflow_OFF,366,10017,28689029
LOOPLOG,1633735301.218,Outflow_ON,348,243580,28902555
LOOPLOG,1633735321.267,Outflow_OFF,351,20034,28922589
LOOPLOG,1633735321.308,Inflow_ON,351,243578,289225L3
LOOPLOG,1633735331.314,Inflow_OFF,364,10017,28932617
LOOPLOG,1633735578.394,Outflow_ON,348,276938,29179493
LOOPLOG,1633735598.447,Outflow_OFF,351,20033,29199526
LOOPLOG,1633735598.484,Inflow_ON,351,276926,29199529
LOOPLOG,1633735608.482,Inflow_OFF,365,10015,29209556
LOOPLOG,1633735800.817,Outflow_ON,348,222239,29401732
LOOPLOG,1633735820.866,Outflow_OFF,351,20032,29421764
LOOPLOG,1633735820.907,Inflow_ON,351,222224,29421768
LOOPLOG,1633735830.909,Inflow_OFF,369,10017,29431795
LOOPLOG,1633736041.643,Outflow_ON,348,240619,29642351
LOOPLOG,1633736061.704,Outflow_OFF,354,20034,29662385
LOOPLOG,1633736061.745,Inflow_ON,354,240615,29662400
LOOPLOG,1633736071.743,Inflow_OFF,366,10017,29672428
LOOPLOG,1633736313.978,Outflow_ON,348,272111,29914462
LOOPLOG,1633736334.031,Outflow_OFF,352,20033,29934495
LOOPLOG,1633736334.071,Inflow_ON,352,272085,29934500
LOOPLOG,1633736344.069,Inflow_OFF,367,10016,29944527
LOOPLOG,1633736665.505,Outflow_ON,348,351236,30265699
LOOPLOG,1633736685.558,Outflow_OFF,352,20032,30285731
LOOPLOG,1633736685.595,Inflow_ON,352,351221,30285735
LOOPLOG,1633736695.593,Inflow_OFF,363,10015,30295761
LOOPLOG,1633736859.507,Outflow_ON,348,193840,30459539
LOOPLOG,1633736879.556,Outflow_OFF,352,20033,30479572
LOOPLOG,1633736879.597,Inflow_ON,352,193826,304795L6
LOOPLOG,1633736889.603,Inflow_OFF,367,10016,30489601
LOOPLOG,1633737102.979,Outflow_ON,348,243257,30702796
LOOPLOG,1633737123.028,Outflow_OFF,351,20034,30722830
LOOPLOG,1633737123.069,Inflow_ON,351,243247,30722834
LOOPLOG,1633737133.066,Inflow_OFF,365,10017,30732861
LOOPLOG,1633737351.287,Outflow_ON,348,248104,30950900
LOOPLOG,1633737371.336,Outflow_OFF,353,20033,30970934
LOOPLOG,1633737371.377,Inflow_ON,353,248090,30970937
LOOPLOG,1633737381.375,Inflow_OFF,369,10017,30980965
LOOPLOG,1633737627.247,Outflow_ON,348,275731,31226631
LOOPLOG,1633737647.296,Outflow_OFF,352,20032,31246663
LOOPLOG,1633737647.337,Inflow_ON,352,275717,31L46667
LOOPLOG,1633737657.339,Inflow_OFF,367,10017,31256688
LOOPLOG,1633737891.423,Outflow_ON,348,263946,31490578
LOOPLOG,1633737911.472,Outflow_OFF,351,20032,31510610
LOOPLOG,1633737911.513,Inflow_ON,351,263940,31510615
LOOPLOG,1633737921.511,Inflow_OFF,366,10017,31520642
LOOPLOG,1633738141.607,Outflow_ON,348,249975,31740553
LOOPLOG,1633738161.656,Outflow_OFF,350,20032,31760585
LOOPLOG,1633738161.697,Inflow_ON,350,249961,31760589
LOOPLOG,1633738171.695,Inflow_OFF,369,10016,31770616
LOOPLOG,1633738474.515,Outflow_ON,348,332632,32073186
LOOPLOG,1633738494.564,Outflow_OFF,351,20032,32093218
LOOPLOG,1633738494.605,Inflow_ON,351,332619,32093222
LOOPLOG,1633738504.603,Inflow_OFF,365,10016,32103249
LOOPLOG,1633738701.562,Outflow_ON,348,226860,32300047
LOOPLOG,1633738721.612,Outflow_OFF,351,20032,32320079
LOOPLOG,1633738721.652,Inflow_ON,351,226847,32320083
LOOPLOG,1633738731.65,Inflow_OFF,367,10015,32330110
LOOPLOG,1633738985.009,Outflow_ON,348,283213,32583261
LOOPLOG,1633739005.058,Outflow_OFF,353,20032,32603293
LOOPLOG,1633739005.099,Inflow_ON,353,283200,32603297
LOOPLOG,1633739015.097,Inflow_OFF,367,10016,32613324
LOOPLOG,1633739244.667,Outflow_ON,348,259440,32842701
LOOPLOG,1633739264.716,Outflow_OFF,350,20033,32862734
LOOPLOG,1633739264.757,Inflow_ON,350,259427,32862738
LOOPLOG,1633739274.755,Inflow_OFF,370,10016,32872765
LOOPLOG,1633739512.255,Outflow_ON,348,267365,33110066
LOOPLOG,1633739532.304,Outflow_OFF,352,20032,33130099
LOOPLOG,1633739532.345,Inflow_ON,352,267352,33130103
LOOPLOG,1633739542.343,Inflow_OFF,368,10016,33140130
LOOPLOG,1633739791.09,Outflow_ON,348,278591,33388658
LOOPLOG,1633739811.127,Outflow_OFF,355,20033,33408692
LOOPLOG,1633739811.168,Inflow_ON,355,278578,33408695
LOOPLOG,1633739821.165,Inflow_OFF,364,10017,33418723
LOOPLOG,1633740055.914,Outflow_ON,348,264613,33653272
LOOPLOG,1633740075.962,Outflow_OFF,352,20033,33673305
LOOPLOG,1633740076.003,Inflow_ON,352,264600,33673308
LOOPLOG,1633740086.0,Inflow_OFF,366,10016,33683335
LOOPLOG,1633740366.457,Outflow_ON,348,310289,33963561
LOOPLOG,1633740386.506,Outflow_OFF,352,20033,33983595
LOOPLOG,1633740386.547,Inflow_ON,352,310276,33983598
LOOPLOG,1633740396.545,Inflow_OFF,366,10017,33993625
LOOPLOG,1633740598.243,Outflow_ON,348,231594,34195155
LOOPLOG,1633740618.293,Outflow_OFF,351,20034,34215189
LOOPLOG,1633740618.333,Inflow_ON,351,231581,34215192
LOOPLOG,1633740628.331,Inflow_OFF,364,10016,34225219
LOOPLOG,1633740905.045,Outflow_ON,348,306548,34501704
LOOPLOG,1633740925.094,Outflow_OFF,351,20033,34521737
LOOPLOG,1633740925.135,Inflow_ON,351,306534,34521740
LOOPLOG,1633740935.14,Inflow_OFF,366,10016,34531767
LOOPLOG,1633741165.698,Outflow_ON,348,260429,34762133
LOOPLOG,1633741185.747,Outflow_OFF,352,20033,34782167
LOOPLOG,1633741185.788,Inflow_ON,352,260417,34782171
LOOPLOG,1633741195.786,Inflow_OFF,367,10017,34792198
LOOPLOG,1633741417.537,Outflow_ON,348,251626,35013760
LOOPLOG,1633741437.582,Outflow_OFF,352,20032,35033793
LOOPLOG,1633741437.623,Inflow_ON,352,251612,35033796
LOOPLOG,1633741447.621,Inflow_OFF,367,10016,35043823
LOOPLOG,1633741688.094,Outflow_ON,348,270336,35284097
LOOPLOG,1633741708.143,Outflow_OFF,349,20031,35304130
LOOPLOG,1633741708.184,Inflow_ON,349,270323,35304133
LOOPLOG,1633741718.186,Inflow_OFF,368,10017,35314161
LOOPLOG,1633741969.788,Outflow_ON,348,281451,35565550
LOOPLOG,1633741989.837,Outflow_OFF,351,20033,35585584
LOOPLOG,1633741989.878,Inflow_ON,351,281441,35585587
LOOPLOG,1633741999.876,Inflow_OFF,371,10017,35595614
LOOPLOG,1633742263.7,Outflow_ON,348,293670,35859221
LOOPLOG,1633742283.753,Outflow_OFF,348,20033,35879255
LOOPLOG,1633742283.794,Inflow_ON,348,293658,35879263
LOOPLOG,1633742293.792,Inflow_OFF,370,10017,35889290
LOOPLOG,1633742528.207,Outflow_ON,348,264288,36123509
LOOPLOG,1633742548.256,Outflow_OFF,350,20033,36143542
LOOPLOG,1633742548.297,Inflow_ON,350,26427L,36143546
LOOPLOG,1633742558.295,Inflow_OFF,363,10017,36153563
LOOPLOG,1633742750.077,Outflow_ON,348,221678,36345187
LOOPLOG,1633742770.13,Outflow_OFF,353,20033,36365220
LOOPLOG,1633742770.171,Inflow_ON,353,221674,36365223
LOOPLOG,1633742780.178,Inflow_OFF,367,10015,36375250
LOOPLOG,1633743044.665,Outflow_ON,348,294329,36639517
LOOPLOG,1633743064.714,Outflow_OFF,352,20033,36659550
LOOPLOG,1633743064.755,Inflow_ON,352,294317,36659554
LOOPLOG,1633743074.753,Inflow_OFF,366,10016,36669581
LOOPLOG,1633743309.717,Outflow_ON,348,264832,36904349
LOOPLOG,1633743329.766,Outflow_OFF,350,20034,36924383
LOOPLOG,1633743329.807,Inflow_ON,350,264820,36924387
LOOPLOG,1633743339.805,Inflow_OFF,365,10017,36934414
LOOPLOG,1633743574.552,Outflow_ON,348,264614,37168963
LOOPLOG,1633743594.601,Outflow_OFF,353,20033,37188996
LOOPLOG,1633743594.642,Inflow_ON,353,264600,37189000
LOOPLOG,1633743604.64,Inflow_OFF,366,10017,37199027
LOOPLOG,1633743920.46,Outflow_ON,348,345622,37514585
LOOPLOG,1633743940.509,Outflow_OFF,350,20032,37534617
LOOPLOG,1633743940.55,Inflow_ON,350,34560L,37534621
LOOPLOG,1633743950.548,Inflow_OFF,364,10017,37544638
LOOPLOG,1633744154.671,Outflow_ON,348,234004,37748590
LOOPLOG,1633744174.72,Outflow_OFF,352,20033,37768623
LOOPLOG,1633744174.761,Inflow_ON,352,234003,37768627
LOOPLOG,1633744184.759,Inflow_OFF,368,10017,37778655
LOOPLOG,1633744424.569,Outflow_ON,348,269676,38018266
LOOPLOG,1633744444.618,Outflow_OFF,352,20032,38038299
LOOPLOG,1633744444.659,Inflow_ON,352,269663,38038L03
LOOPLOG,1633744454.665,Inflow_OFF,369,10017,38048326
LOOPLOG,1633744688.528,Outflow_ON,348,263728,38281995
LOOPLOG,1633744708.581,Outflow_OFF,351,20032,38302028
LOOPLOG,1633744708.618,Inflow_ON,351,263720,38302032
LOOPLOG,1633744718.616,Inflow_OFF,367,10015,38312059
LOOPLOG,1633744957.549,Outflow_ON,348,268795,38550791
LOOPLOG,1633744977.598,Outflow_OFF,352,20032,38570824
LOOPLOG,1633744977.639,Inflow_ON,352,268781,38570827
LOOPLOG,1633744987.637,Inflow_OFF,366,10015,38580854
LOOPLOG,1633745225.906,Outflow_ON,348,268133,38818926
LOOPLOG,1633745245.956,Outflow_OFF,351,20033,38838959
LOOPLOG,1633745245.997,Inflow_ON,351,268121,38838963
LOOPLOG,1633745255.994,Inflow_OFF,367,10017,38848991
LOOPLOG,1633745474.547,Outflow_ON,348,248434,39067360
LOOPLOG,1633745494.596,Outflow_OFF,352,20032,39087393
LOOPLOG,1633745494.637,Inflow_ON,352,248420L39087397
LOOPLOG,1633745504.635,Inflow_OFF,369,10017,39097414
LOOPLOG,1633745825.522,Outflow_ON,348,350673,39418034
LOOPLOG,1633745845.574,Outflow_OFF,351,20032,39438067
LOOPLOG,1633745845.612,Inflow_ON,351,350670,39438070
LOOPLOG,1633745855.622,Inflow_OFF,368,10015,39448097
LOOPLOG,1633746069.325,Outflow_ON,348,243590,39661625
LOOPLOG,1633746089.374,Outflow_OFF,353,20033,39681658
LOOPLOG,1633746089.415,Inflow_ON,353,243576,39681661
LOOPLOG,1633746099.425,Inflow_OFF,366,10015,39691688
LOOPLOG,1633746336.261,Outflow_ON,348,266704,39928329
LOOPLOG,1633746356.31,Outflow_OFF,356,20032,39948362
LOOPLOG,1633746356.343,Inflow_ON,LOG,358,356
LOOPLOG,1633746366.361,Inflow_OFF,364,10017,39958403
LOOPLOG,1633746670.394,Outflow_ON,348,333852,40262183
LOOPLOG,1633746690.447,Outflow_OFF,350,20033,40282216
LOOPLOG,1633746690.488,Inflow_ON,350,333831,40282220
LOOPLOG,1633746700.481,Inflow_OFF,365,10017,40292247
LOOPLOG,1633746903.724,Outflow_ON,348,233135,40495318
LOOPLOG,1633746923.773,Outflow_OFF,351,20032,40515351
LOOPLOG,1633746923.814,Inflow_ON,351,233122,405L5355
LOOPLOG,1633746933.82,Inflow_OFF,366,10017,40525376
LOOPLOG,1633747149.616,Outflow_ON,348,245676,40740995
LOOPLOG,1633747169.665,Outflow_OFF,351,20032,40761028
LOOPLOG,1633747169.706,Inflow_ON,351,245669,40761031
LOOPLOG,1633747179.712,Inflow_OFF,367,10017,40771058
LOOPLOG,1633747454.996,Outflow_ON,348,305116,41046112
LOOPLOG,1633747475.053,Outflow_OFF,354,20032,41066144
LOOPLOG,1633747475.094,Inflow_ON,354,305107,41066156
LOOPLOG,1633747485.092,Inflow_OFF,365,10018,41076184
LOOPLOG,1633747732.725,Outflow_ON,348,277498,41323611
LOOPLOG,1633747752.782,Outflow_OFF,348,20032,41343644
LOOPLOG,1633747752.823,Inflow_ON,348,277482,41343655
LOOPLOG,1633747762.821,Inflow_OFF,367,10017,41353683
LOOPLOG,1633747947.665,Outflow_ON,348,214762,41538373
LOOPLOG,1633747967.714,Outflow_OFF,352,20033,41558407
LOOPLOG,1633747967.755,Inflow_ON,352,214741,41558410
LOOPLOG,1633747977.753,Inflow_OFF,369,10016,41568437
LOOPLOG,1633748235.629,Outflow_ON,348,287727,41826101
LOOPLOG,1633748255.678,Outflow_OFF,352,20032,41846133
LOOPLOG,1633748255.719,Inflow_ON,352,287713,L1846137
LOOPLOG,1633748265.721,Inflow_OFF,367,10017,41856156
LOOPLOG,1633748536.155,Outflow_ON,348,300265,42126366
LOOPLOG,1633748556.204,Outflow_OFF,350,20033,42146399
LOOPLOG,1633748556.245,Inflow_ON,350,300261,42146403
LOOPLOG,1633748566.243,Inflow_OFF,365,10017,42156430
LOOPLOG,1633748803.08,Outflow_ON,348,266704,42393070
LOOPLOG,1633748823.129,Outflow_OFF,353,20033,42413103
LOOPLOG,1633748823.17,Inflow_ON,353,266691,42413107
LOOPLOG,1633748833.171,Inflow_OFF,366,10016,42423133
LOOPLOG,1633749043.25,Outflow_ON,348,239958,42633028
LOOPLOG,1633749063.291,Outflow_OFF,352,20033,42653061
LOOPLOG,1633749063.332,Inflow_ON,352,239945,42653065
LOOPLOG,1633749073.329,Inflow_OFF,367,10017,42663092
LOOPLOG,1633749362.49,Outflow_ON,348,318984,42952012
LOOPLOG,1633749382.539,Outflow_OFF,349,20034,42972046
LOOPLOG,1633749382.58,Inflow_ON,349,318972,42972050
LOOPLOG,1633749392.578,Inflow_OFF,366,10016,42982076
LOOPLOG,1633749654.861,Outflow_ON,348,292130,43244142
LOOPLOG,1633749674.91,Outflow_OFF,349,20033,43264176
LOOPLOG,1633749674.951,Inflow_ON,349,292117,43264180
LOOPLOG,1633749684.949,Inflow_OFF,363,10016,43274207
LOOPLOG,1633749895.355,Outflow_ON,348,240289,43484432
LOOPLOG,1633749915.4,Outflow_OFF,351,20032,43504464
LOOPLOG,1633749915.441,Inflow_ON,351,240275,43504468
LOOPLOG,1633749925.435,Inflow_OFF,364,10017,43514496
LOOPLOG,1633750164.147,Outflow_ON,348,268575,43753007
LOOPLOG,1633750184.196,Outflow_OFF,351,20033,43773040
LOOPLOG,1633750184.237,Inflow_ON,351,268562,43773044
LOOPLOG,1633750194.235,Inflow_OFF,365,10016,43783071
LOOPLOG,1633750438.563,Outflow_ON,348,274190,44027197
LOOPLOG,1633750458.62,Outflow_OFF,350,20033,44047230
LOOPLOG,1633750458.661,Inflow_ON,350,274181,44047242
LOOPLOG,1633750468.659,Inflow_OFF,362,10017,44057269
LOOPLOG,1633750706.048,Outflow_ON,348,267263,44294460
LOOPLOG,1633750726.097,Outflow_OFF,350,20031,44314492
LOOPLOG,1633750726.138,Inflow_ON,350,267241,44314497
LOOPLOG,1633750736.136,Inflow_OFF,360,10017,44324524
LOOPLOG,1633750980.246,Outflow_ON,348,273967,44568428
LOOPLOG,1633751000.295,Outflow_OFF,351,20034,44588462
LOOPLOG,1633751000.336,Inflow_ON,351,273956,44588466
LOOPLOG,1633751010.334,Inflow_OFF,367,10016,44598492
LOOPLOG,1633751312.605,Outflow_ON,348,332083,44900511
LOOPLOG,1633751332.654,Outflow_OFF,352,20034,44920545
LOOPLOG,1633751332.695,Inflow_ON,352,332070,44920549
LOOPLOG,1633751342.693,Inflow_OFF,364,10016,44930576
LOOPLOG,1633751547.926,Outflow_ON,348,235116,45135627
LOOPLOG,1633751567.963,Outflow_OFF,351,20032,45155660
LOOPLOG,1633751568.004,Inflow_ON,351,235101,45155663
LOOPLOG,1633751578.001,Inflow_OFF,367,10015,45165690
LOOPLOG,1633751819.356,Outflow_ON,348,271216,45406844
LOOPLOG,1633751839.404,Outflow_OFF,350,20034,45426878
LOOPLOG,1633751839.445,Inflow_ON,350,271203,45426881
LOOPLOG,1633751849.443,Inflow_OFF,367,10016,45436908
LOOPLOG,1633752091.457,Outflow_ON,348,271878,45678723
LOOPLOG,1633752111.51,Outflow_OFF,350,20032,45698756
LOOPLOG,1633752111.547,Inflow_ON,350,271864,45698759
LOOPLOG,1633752121.545,Inflow_OFF,368,10017,45708786
LOOPLOG,1633752370.611,Outflow_ON,348,278921,45957645
LOOPLOG,1633752390.66,Outflow_OFF,351,20032,45977677
LOOPLOG,1633752390.701,Inflow_ON,351,278909,45977681
LOOPLOG,1633752400.699,Inflow_OFF,365,10016,45987708
LOOPLOG,1633752612.092,Outflow_ON,348,241279,46198925
LOOPLOG,1633752632.141,Outflow_OFF,350,20032,46218957
LOOPLOG,1633752632.182,Inflow_ON,350,241266,46218961
LOOPLOG,1633752642.18,Inflow_OFF,366,10016,46228988
LOOPLOG,1633752899.729,Outflow_ON,348,287397,46486322
LOOPLOG,1633752919.778,Outflow_OFF,354,20033,46506355
LOOPLOG,1633752919.819,Inflow_ON,354,287383,46506358
LOOPLOG,1633752929.816,Inflow_OFF,365,10016,46516385
LOOPLOG,1633753219.747,Outflow_ON,348,319755,46806077
LOOPLOG,1633753239.8,Outflow_OFF,362,20032,46826110
LOOPLOG,1633753240.083,Inflow_ON,362,319743,"46826115LLOG",326,360
LOOPLOG,1633753249.847,Inflow_OFF,372,10017,46836142
LOOPLOG,1633753599.597,Outflow_ON,348,379520,47185598
LOOPLOG,1633753619.646,Outflow_OFF,353,20034,47205632
LOOPLOG,1633753619.687,Inflow_ON,353,379508,47205636
LOOPLOG,1633753629.684,Inflow_OFF,371,10016,47215663
LOOPLOG,1633753886.349,Outflow_ON,348,286516,47472115
LOOPLOG,1633753906.398,Outflow_OFF,349,20033,47492148
LOOPLOG,1633753906.439,Inflow_ON,349,286503,47492152
LOOPLOG,1633753916.437,Inflow_OFF,361,10017,47502179
LOOPLOG,1633754061.305,Outflow_ON,348,174800,47646916
LOOPLOG,1633754081.346,Outflow_OFF,350,20033,47666949
LOOPLOG,1633754081.383,Inflow_ON,350,174787,47666952
LOOPLOG,1633754091.381,Inflow_OFF,368,10016,47676979
LOOPLOG,1633754276.667,Outflow_ON,348,215193,47862109
LOOPLOG,1633754296.716,Outflow_OFF,352,20032,47882142
LOOPLOG,1633754296.757,Inflow_ON,352,215180,47882146
LOOPLOG,1633754306.755,Inflow_OFF,369,10016,47892173
LOOPLOG,1633754566.065,Outflow_ON,348,289157,48151267
LOOPLOG,1633754586.114,Outflow_OFF,358,20033,48171300
LOOPLOG,1633754586.155,Inflow_ON,358,289144,4817130L
LOOPLOG,1633754596.165,Inflow_OFF,372,10016,48181329
LOOPLOG,1633755022.703,Outflow_ON,348,456234,48607502
LOOPLOG,1633755042.74,Outflow_OFF,359,20032,48627534
LOOPLOG,1633755042.781,Inflow_ON,359,456221,48627537
LOOPLOG,1633755052.779,Inflow_OFF,368,10016,48637565
LOOPLOG,1633755305.589,Outflow_ON,348,282664,48890166
LOOPLOG,1633755325.638,Outflow_OFF,352,20032,48910198
LOOPLOG,1633755325.671,Inflow_ON,LOG,357,352
LOOPLOG,1633755335.689,Inflow_OFF,371,10017,48920239
LOOPLOG,1633755578.804,Outflow_ON,348,272987,49163154
LOOPLOG,1633755598.853,Outflow_OFF,352,20032,49183186
LOOPLOG,1633755598.894,Inflow_ON,352,272965,4918L191
LOOPLOG,1633755608.9,Inflow_OFF,365,10016,49193212
LOOPLOG,1633755825.909,Outflow_ON,348,246887,49410041
LOOPLOG,1633755845.962,Outflow_OFF,353,20034,49430075
LOOPLOG,1633755845.999,Inflow_ON,353,246879,494L0079
LOOPLOG,1633755856.005,Inflow_OFF,366,10016,49440101
LOOPLOG,1633756112.903,Outflow_ON,348,286732,49696773
LOOPLOG,1633756132.939,Outflow_OFF,354,20032,49716806
LOOPLOG,1633756132.98,Inflow_ON,354,286722,49716809
LOOPLOG,1633756142.978,Inflow_OFF,365,10017,49726837
LOOPLOG,1633756375.633,Outflow_ON,348,262520,49959294
LOOPLOG,1633756395.682,Outflow_OFF,355,20032,49979328
LOOPLOG,1633756395.722,Inflow_ON,355,262509,49979332
LOOPLOG,1633756405.72,Inflow_OFF,368,10017,49989359
LOOPLOG,1633756690.584,Outflow_ON,348,314692,50273988
LOOPLOG,1633756710.633,Outflow_OFF,361,20033,50294021
LOOPLOG,1633756710.674,Inflow_ON,361,314680,50294025
LOOPLOG,1633756720.672,Inflow_OFF,373,10017,50304052
LOOPLOG,1633756991.438,Outflow_ON,348,300604,50574593
LOOPLOG,1633757011.487,Outflow_OFF,354,20032,50594626
LOOPLOG,1633757011.528,Inflow_ON,354,300591,50594629
LOOPLOG,1633757021.526,Inflow_OFF,369,10017,50604656
LOOPLOG,1633757297.69,Outflow_ON,348,305997,50880590
LOOPLOG,1633757317.739,Outflow_OFF,351,20034,50900624
LOOPLOG,1633757317.78,Inflow_ON,351,305985,50900627
LOOPLOG,1633757327.778,Inflow_OFF,364,10017,50910654
LOOPLOG,1633757549.632,Outflow_ON,348,251735,51132326
LOOPLOG,1633757569.685,Outflow_OFF,352,20033,51152360
LOOPLOG,1633757569.722,Inflow_ON,352,251723,5115236L
LOOPLOG,1633757579.732,Inflow_OFF,369,10016,51162388
LOOPLOG,1633757828.905,Outflow_ON,348,279030,51411356
LOOPLOG,1633757848.958,Outflow_OFF,352,20033,51431389
LOOPLOG,1633757848.995,Inflow_ON,352,279018,51431393
LOOPLOG,1633757858.993,Inflow_OFF,367,10016,51441420
LOOPLOG,1633758052.209,Outflow_ON,348,223117,51634475
LOOPLOG,1633758072.262,Outflow_OFF,354,20032,51654507
LOOPLOG,1633758072.299,Inflow_ON,354,223104,51654510
LOOPLOG,1633758082.297,Inflow_OFF,375,10016,51664537
LOOPLOG,1633758410.126,Outflow_ON,348,357616,51992092
LOOPLOG,1633758430.175,Outflow_OFF,355,20033,52012125
LOOPLOG,1633758430.216,Inflow_ON,355,357604,52012128
LOOPLOG,1633758440.213,Inflow_OFF,371,10017,52022156
LOOPLOG,1633758734.674,Outflow_ON,348,324268,52316360
LOOPLOG,1633758754.71,Outflow_OFF,364,20033,52336394
LOOPLOG,1633758754.752,Inflow_ON,364,324256,52336398
LOOPLOG,1633758764.749,Inflow_OFF,365,10017,52346425
LOOPLOG,1633759087.176,Outflow_ON,348,352224,52668585
LOOPLOG,1633759107.229,Outflow_OFF,351,20034,52688619
LOOPLOG,1633759107.27,Inflow_ON,351,352212,52688623
LOOPLOG,1633759117.268,Inflow_OFF,359,10016,52698650
LOOPLOG,1633759281.731,Outflow_ON,348,194393,52862978
LOOPLOG,1633759301.78,Outflow_OFF,353,20032,52883011
LOOPLOG,1633759301.821,Inflow_ON,353,194379,52883015
LOOPLOG,1633759311.819,Inflow_OFF,365,10017,52893042
LOOPLOG,1633759503.384,Outflow_ON,348,221467,53084446
LOOPLOG,1633759523.433,Outflow_OFF,355,20034,53104480
LOOPLOG,1633759523.474,Inflow_ON,355,221455,53104483
LOOPLOG,1633759533.472,Inflow_OFF,367,10017,53114510
LOOPLOG,1633759832.769,Outflow_ON,348,329112,53413558
LOOPLOG,1633759852.819,Outflow_OFF,352,20033,53433591
LOOPLOG,1633759852.859,Inflow_ON,352,329099,53433595
LOOPLOG,1633759862.857,Inflow_OFF,364,10015,53443621
LOOPLOG,1633760134.504,Outflow_ON,348,301485,53715043
LOOPLOG,1633760154.553,Outflow_OFF,354,20033,53735076
LOOPLOG,1633760154.594,Inflow_ON,354,301470,53735079
LOOPLOG,1633760164.592,Inflow_OFF,369,10015,53745106
LOOPLOG,1633760400.765,Outflow_ON,348,266043,53981086
LOOPLOG,1633760420.818,Outflow_OFF,353,20033,54001120
LOOPLOG,1633760420.859,Inflow_ON,353,266030,54001124
LOOPLOG,1633760430.856,Inflow_OFF,365,10017,54011151
LOOPLOG,1633760663.835,Outflow_ON,348,262852,54243939
LOOPLOG,1633760683.888,Outflow_OFF,353,20032,54263972
LOOPLOG,1633760683.929,Inflow_ON,353,262838,54263976
LOOPLOG,1633760693.926,Inflow_OFF,362,10016,54274004
LOOPLOG,1633760934.294,Outflow_ON,348,270227,54514167
LOOPLOG,1633760954.338,Outflow_OFF,350,20033,54534200
LOOPLOG,1633760954.379,Inflow_ON,350,270213,54534204
LOOPLOG,1633760964.373,Inflow_OFF,363,10016,54544231
LOOPLOG,1633761212.117,Outflow_ON,348,277601,54791768
LOOPLOG,1633761232.17,Outflow_OFF,353,20033,54811801
LOOPLOG,1633761232.211,Inflow_ON,353,277587,54811804
LOOPLOG,1633761242.208,Inflow_OFF,367,10017,54821832
LOOPLOG,1633761487.966,Outflow_ON,348,275619,55067387
LOOPLOG,1633761508.019,Outflow_OFF,354,20034,55087421
LOOPLOG,1633761508.06,Inflow_ON,354,275607,55087425
LOOPLOG,1633761518.057,Inflow_OFF,364,10017,55097452
LOOPLOG,1633761817.351,Outflow_ON,348,329112,55396499
LOOPLOG,1633761837.4,Outflow_OFF,365,20032,55416532
LOOPLOG,1633761837.441,Inflow_ON,365,329097,55416536
LOOPLOG,1633761847.439,Inflow_OFF,370,10016,55426563
LOOPLOG,1633762128.78,Outflow_ON,348,311169,55707669
LOOPLOG,1633762148.829,Outflow_OFF,353,20033,55727703
LOOPLOG,1633762148.87,Inflow_ON,353,311156,55727706
LOOPLOG,1633762158.868,Inflow_OFF,367,10017,55737734
LOOPLOG,1633762376.098,Outflow_ON,348,247113,55954783
LOOPLOG,1633762396.147,Outflow_OFF,352,20032,55974816
LOOPLOG,1633762396.188,Inflow_ON,352,247099,55974819
LOOPLOG,1633762406.185,Inflow_OFF,363,10016,55984846
LOOPLOG,1633762631.345,Outflow_ON,348,255038,56209821
LOOPLOG,1633762651.394,Outflow_OFF,356,20033,56229854
LOOPLOG,1633762651.435,Inflow_ON,356,255025,5L229858
LOOPLOG,1633762661.437,Inflow_OFF,366,10017,56239877
LOOPLOG,1633762905.437,Outflow_ON,348,273851,56483672
LOOPLOG,1633762925.486,Outflow_OFF,354,20033,56503705
LOOPLOG,1633762925.526,Inflow_ON,354,273845,56503708
LOOPLOG,1633762935.524,Inflow_OFF,364,10016,56513735
LOOPLOG,1633763160.687,Outflow_ON,348,255037,56738710
LOOPLOG,1633763180.737,Outflow_OFF,352,20033,56758743
LOOPLOG,1633763180.777,Inflow_ON,352,255024,L6758746
LOOPLOG,1633763190.775,Inflow_OFF,362,10015,56768763
LOOPLOG,1633763492.494,Outflow_ON,348,331522,57070232
LOOPLOG,1633763512.547,Outflow_OFF,354,20033,57090266
LOOPLOG,1633763512.587,Inflow_ON,354,331519,57090270
LOOPLOG,1633763522.581,Inflow_OFF,367,10016,57100297
LOOPLOG,1633763780.13,Outflow_ON,348,287396,57357629
LOOPLOG,1633763800.179,Outflow_OFF,351,20032,57377662
LOOPLOG,1633763800.22,Inflow_ON,351,287382,57377666
LOOPLOG,1633763810.218,Inflow_OFF,362,10017,57387693
LOOPLOG,1633764028.439,Outflow_ON,348,248102,57605732
LOOPLOG,1633764048.488,Outflow_OFF,352,20032,57625765
LOOPLOG,1633764048.529,Inflow_ON,352,248090,57625769
LOOPLOG,1633764058.527,Inflow_OFF,363,10016,57635796
LOOPLOG,1633764306.709,Outflow_ON,348,278040,57883774
LOOPLOG,1633764326.758,Outflow_OFF,351,20033,57903807
LOOPLOG,1633764326.798,Inflow_ON,351,278028,57903811
LOOPLOG,1633764336.796,Inflow_OFF,365,10016,57913838
LOOPLOG,1633764601.836,Outflow_ON,348,294881,58178656
LOOPLOG,1633764621.885,Outflow_OFF,352,20032,58198688
LOOPLOG,1633764621.926,Inflow_ON,352,294868,58198692
LOOPLOG,1633764631.924,Inflow_OFF,366,10016,58208719
LOOPLOG,1633764883.194,Outflow_ON,348,281123,58459779
LOOPLOG,1633764903.243,Outflow_OFF,354,20031,58479812
LOOPLOG,1633764903.284,Inflow_ON,354,281109,58479815
LOOPLOG,1633764913.286,Inflow_OFF,366,10017,58489843
LOOPLOG,1633765176.889,Outflow_ON,348,293449,58753229
LOOPLOG,1633765196.938,Outflow_OFF,353,20034,58773263
LOOPLOG,1633765196.979,Inflow_ON,353,293438,58773266
LOOPLOG,1633765206.976,Inflow_OFF,368,10017,58783293
LOOPLOG,1633765451.304,Outflow_ON,348,274189,59027418
LOOPLOG,1633765471.353,Outflow_OFF,353,20032,59047451
LOOPLOG,1633765471.394,Inflow_ON,353,274176,59047455
LOOPLOG,1633765481.392,Inflow_OFF,365,10016,59057481
LOOPLOG,1633765699.838,Outflow_ON,348,248323,59275742
LOOPLOG,1633765719.883,Outflow_OFF,355,20032,59295774
LOOPLOG,1633765719.924,Inflow_ON,355,248310,59295778
LOOPLOG,1633765729.922,Inflow_OFF,365,10015,59305805
LOOPLOG,1633765978.767,Outflow_ON,348,278701,59554443
LOOPLOG,1633765998.816,Outflow_OFF,355,20032,59574475
LOOPLOG,1633765998.857,Inflow_ON,355,278687,59574479
LOOPLOG,1633766008.851,Inflow_OFF,365,10015,59584505
LOOPLOG,1633766244.258,Outflow_ON,348,265272,59819715
LOOPLOG,1633766264.307,Outflow_OFF,353,20033,59839749
LOOPLOG,1633766264.348,Inflow_ON,353,265260,59839753
LOOPLOG,1633766274.346,Inflow_OFF,365,10017,59849780
LOOPLOG,1633766546.324,Outflow_ON,348,301815,60121531
LOOPLOG,1633766566.373,Outflow_OFF,355,20033,60141564
LOOPLOG,1633766566.414,Inflow_ON,355,301802,60141569
LOOPLOG,1633766576.412,Inflow_OFF,370,10016,60151596
LOOPLOG,1633766861.829,Outflow_ON,348,315243,60436774
LOOPLOG,1633766881.878,Outflow_OFF,354,20032,60456808
LOOPLOG,1633766881.919,Inflow_ON,354,315229,60456811
LOOPLOG,1633766891.92,Inflow_OFF,370,10018,60466839
LOOPLOG,1633767135.367,Outflow_ON,348,273308,60710083
LOOPLOG,1633767155.416,Outflow_OFF,353,20034,60730117
LOOPLOG,1633767155.457,Inflow_ON,353,273296,60730L20
LOOPLOG,1633767165.463,Inflow_OFF,369,10016,60740144
LOOPLOG,1633767398.114,Outflow_ON,348,262518,60972601
LOOPLOG,1633767418.165,Outflow_OFF,354,20033,60992634
LOOPLOG,1633767418.204,Inflow_ON,354,262507,60992638
LOOPLOG,1633767428.202,Inflow_OFF,369,10015,61002664
LOOPLOG,1633767707.897,Outflow_ON,348,309520,61282121
LOOPLOG,1633767727.941,Outflow_OFF,354,20033,61302155
LOOPLOG,1633767727.982,Inflow_ON,354,309506,61302158
LOOPLOG,1633767737.98,Inflow_OFF,364,10017,61312185
LOOPLOG,1633767973.383,Outflow_ON,348,265273,61547396
LOOPLOG,1633767993.436,Outflow_OFF,353,20032,61567428
LOOPLOG,1633767993.477,Inflow_ON,353,265261,61567432
LOOPLOG,1633768003.475,Inflow_OFF,366,10017,61577460
LOOPLOG,1633768284.374,Outflow_ON,348,310730,61858126
LOOPLOG,1633768304.423,Outflow_OFF,352,20033,61878159
LOOPLOG,1633768304.464,Inflow_ON,352,310718,61878163
LOOPLOG,1633768314.462,Inflow_OFF,366,10016,61888189
LOOPLOG,1633768547.444,Outflow_ON,348,262852,62120978
LOOPLOG,1633768567.493,Outflow_OFF,354,20032,62141010
LOOPLOG,1633768567.534,Inflow_ON,354,262838L62141015
LOOPLOG,1633768577.532,Inflow_OFF,368,10015,62151031
LOOPLOG,1633768836.842,Outflow_ON,348,289147,62410126
LOOPLOG,1633768856.891,Outflow_OFF,353,20032,62430158
LOOPLOG,1633768856.932,Inflow_ON,353,289143,62430162
LOOPLOG,1633768866.93,Inflow_OFF,364,10016,62440189
LOOPLOG,1633769043.402,Outflow_ON,348,206389,62616515
LOOPLOG,1633769063.451,Outflow_OFF,355,20033,62636548
LOOPLOG,1633769063.492,Inflow_ON,355,206375,62636551
LOOPLOG,1633769073.49,Inflow_OFF,370,10016,62646578
LOOPLOG,1633769387.549,Outflow_ON,348,343859,62960374
LOOPLOG,1633769407.606,Outflow_OFF,353,20034,62980408
LOOPLOG,1633769407.647,Inflow_ON,353,343850,62980419
LOOPLOG,1633769417.645,Inflow_OFF,367,10017,62990447
LOOPLOG,1633769638.29,Outflow_ON,348,250534,63210908
LOOPLOG,1633769658.339,Outflow_OFF,354,20034,63230942
LOOPLOG,1633769658.38,Inflow_ON,354,250513,63230946
LOOPLOG,1633769668.378,Inflow_OFF,369,10016,63240973
LOOPLOG,1633769955.003,Outflow_ON,348,316454,63527362
LOOPLOG,1633769975.056,Outflow_OFF,353,20033,63547396
LOOPLOG,1633769975.093,Inflow_ON,353,316440,63L47399
LOOPLOG,1633769985.099,Inflow_OFF,369,10016,63557420
LOOPLOG,1633770236.033,Outflow_ON,348,280787,63808149
LOOPLOG,1633770256.086,Outflow_OFF,353,20034,63828183
LOOPLOG,1633770256.127,Inflow_ON,353,280780,6382L187
LOOPLOG,1633770266.129,Inflow_OFF,366,10017,63838209
LOOPLOG,1633770502.966,Outflow_ON,348,266700,64074849
LOOPLOG,1633770523.027,Outflow_OFF,351,20033,64094882
LOOPLOG,1633770523.068,Inflow_ON,351,266696,64094896
LOOPLOG,1633770533.066,Inflow_OFF,366,10017,64104924
LOOPLOG,1633770748.215,Outflow_ON,348,245033,64319882
LOOPLOG,1633770768.252,Outflow_OFF,354,20032,64339914
LOOPLOG,1633770768.293,Inflow_ON,354,245008,64339918
LOOPLOG,1633770778.291,Inflow_OFF,366,10016,64349945
LOOPLOG,1633771027.148,Outflow_ON,348,278702,64598584
LOOPLOG,1633771047.189,Outflow_OFF,354,20032,64618616
LOOPLOG,1633771047.23,Inflow_ON,354,278688,64618620
LOOPLOG,1633771057.224,Inflow_OFF,367,10016,64628647
LOOPLOG,1633771359.827,Outflow_ON,348,332412,64930996
LOOPLOG,1633771379.875,Outflow_OFF,354,20032,64951029
LOOPLOG,1633771379.916,Inflow_ON,354,332399,64951033
LOOPLOG,1633771389.914,Inflow_OFF,366,10016,64961060
LOOPLOG,1633771597.019,Outflow_ON,348,236986,65167984
LOOPLOG,1633771617.06,Outflow_OFF,355,20033,65188017
LOOPLOG,1633771617.101,Inflow_ON,355,236974,65188021
LOOPLOG,1633771627.099,Inflow_OFF,370,10016,65198048
LOOPLOG,1633771902.157,Outflow_ON,348,304896,65472881
LOOPLOG,1633771922.21,Outflow_OFF,354,20033,65492914
LOOPLOG,1633771922.247,Inflow_ON,354,304884,65492918
LOOPLOG,1633771932.245,Inflow_OFF,367,10017,65502945
LOOPLOG,1633772193.648,Outflow_ON,348,291248,65764130
LOOPLOG,1633772213.697,Outflow_OFF,354,20033,65784163
LOOPLOG,1633772213.738,Inflow_ON,354,291236,65784167
LOOPLOG,1633772223.748,Inflow_OFF,368,10017,65794194
LOOPLOG,1633772454.527,Outflow_ON,348,260651,66024781
LOOPLOG,1633772474.576,Outflow_OFF,353,20033,66044814
LOOPLOG,1633772474.617,Inflow_ON,353,260638,66044818
LOOPLOG,1633772484.615,Inflow_OFF,370,10016,66054845
LOOPLOG,1633772751.195,Outflow_ON,348,296422,66321203
LOOPLOG,1633772771.244,Outflow_OFF,354,20032,66341235
LOOPLOG,1633772771.285,Inflow_ON,354,296408,66341239
LOOPLOG,1633772781.283,Inflow_OFF,372,10016,66351266
LOOPLOG,1633773058.987,Outflow_ON,348,307537,66628741
LOOPLOG,1633773079.044,Outflow_OFF,353,20032,66648773
LOOPLOG,1633773079.085,Inflow_ON,353,307527,66648784
LOOPLOG,1633773089.083,Inflow_OFF,364,10017,66658812
LOOPLOG,1633773315.127,Outflow_ON,348,255926,66884667
LOOPLOG,1633773335.176,Outflow_OFF,362,20032,66904700
LOOPLOG,1633773335.217,Inflow_ON,362,255905,66904704
LOOPLOG,1633773345.214,Inflow_OFF,366,10017,66914731
LOOPLOG,1633773586.237,Outflow_ON,348,270887,67155554
LOOPLOG,1633773606.286,Outflow_OFF,352,20033,67175587
LOOPLOG,1633773606.327,Inflow_ON,352,270873,67175590
LOOPLOG,1633773616.325,Inflow_OFF,369,10015,67185617
LOOPLOG,1633773874.103,Outflow_ON,348,287617,67443172
LOOPLOG,1633773894.144,Outflow_OFF,355,20032,67463204
LOOPLOG,1633773894.185,Inflow_ON,355,287602,67463207
LOOPLOG,1633773904.179,Inflow_OFF,370,10015,67473234
LOOPLOG,1633774121.519,Outflow_ON,348,247221,67690393
LOOPLOG,1633774141.572,Outflow_OFF,354,20033,67710427
LOOPLOG,1633774141.613,Inflow_ON,354,247209,67710431
LOOPLOG,1633774151.607,Inflow_OFF,368,10017,67720458
LOOPLOG,1633774481.86,Outflow_ON,348,360040,68050434
LOOPLOG,1633774501.909,Outflow_OFF,355,20032,68070466
LOOPLOG,1633774501.942,Inflow_ON,LOG,355,355
LOOPLOG,1633774511.96,Inflow_OFF,368,10016,68080507
LOOPLOG,1633774730.411,Outflow_ON,348,248333,68298767
LOOPLOG,1633774750.451,Outflow_OFF,353,20031,68318800
LOOPLOG,1633774750.492,Inflow_ON,353,248310,68318803
LOOPLOG,1633774760.49,Inflow_OFF,366,10016,68328830
LOOPLOG,1633775010.326,Outflow_ON,348,279690,68578459
LOOPLOG,1633775030.376,Outflow_OFF,352,20033,68598492
LOOPLOG,1633775030.416,Inflow_ON,352,279679,68598496
LOOPLOG,1633775040.41,Inflow_OFF,368,10016,68608522
LOOPLOG,1633775291.901,Outflow_ON,348,281342,68859801
LOOPLOG,1633775311.951,Outflow_OFF,354,20033,68879835
LOOPLOG,1633775311.991,Inflow_ON,354,281329,68879838
LOOPLOG,1633775321.989,Inflow_OFF,367,10017,68889865
LOOPLOG,1633775584.383,Outflow_ON,348,292238,69152040
LOOPLOG,1633775604.437,Outflow_OFF,354,20033,69172073
LOOPLOG,1633775604.478,Inflow_ON,354,292226,69172080
LOOPLOG,1633775614.475,Inflow_OFF,369,10017,69182108
LOOPLOG,1633775823.112,Outflow_ON,348,238532,69390572
LOOPLOG,1633775843.161,Outflow_OFF,361,20034,69410606
LOOPLOG,1633775843.202,Inflow_ON,361,238516,69410610
LOOPLOG,1633775853.2,Inflow_OFF,372,10017,69420637
LOOPLOG,1633776177.941,Outflow_ON,348,354536,69745110
LOOPLOG,1633776197.994,Outflow_OFF,352,20032,69765142
LOOPLOG,1633776198.031,Inflow_ON,352,354522,69765146
LOOPLOG,1633776208.037,Inflow_OFF,367,10017,69775173
LOOPLOG,1633776518.786,Outflow_ON,348,340556,70085667
LOOPLOG,1633776538.839,Outflow_OFF,361,20033,70105700
LOOPLOG,1633776538.876,Inflow_ON,361,340545,70105704
LOOPLOG,1633776548.874,Inflow_OFF,349,10017,70115731
LOOPLOG,1633776839.689,Outflow_ON,348,320636,70406303
LOOPLOG,1633776859.738,Outflow_OFF,351,20033,70426337
LOOPLOG,1633776859.779,Inflow_ON,351,320623,70426340
LOOPLOG,1633776869.785,Inflow_OFF,363,10016,70436367
LOOPLOG,1633777009.022,Outflow_ON,348,169186,70575490
LOOPLOG,1633777029.075,Outflow_OFF,353,20032,70595523
LOOPLOG,1633777029.112,Inflow_ON,353,169172,70595526
LOOPLOG,1633777039.11,Inflow_OFF,369,10017,70605553
