LOOPLOG,1644229147.46,Outflow_ON,754,634,634
LOOPLOG,1644229167.514,Outflow_OFF,752,20034,20668
LOOPLOG,1644229186.882,Outflow_ON,751,39388,40023
LOOPLOG,1644229206.936,Outflow_OFF,751,20033,60056
LOOPLOG,1644229206.972,Inflow_ON,751,60057,60057
LOOPLOG,1644295051.952,Outflow_ON,399,59375421,59375422
LOOPLOG,1644295071.997,Outflow_OFF,412,20032,59395454
LOOPLOG,1644295072.042,Inflow_ON,412,59395456,59395461
LOOPLOG,1644295082.04,Inflow_OFF,421,10016,59405487
LOOPLOG,1644295374.067,Outflow_ON,399,321847,59697269
LOOPLOG,1644295394.116,Outflow_OFF,403,20033,59717302
LOOPLOG,1644295394.157,Inflow_ON,403,321832,59717306
LOOPLOG,1644295404.159,Inflow_OFF,418,10017,59727333
LOOPLOG,1644295765.918,Outflow_ON,399,391514,60088783
LOOPLOG,1644295785.967,Outflow_OFF,403,20032,60108816
LOOPLOG,1644295786.008,Inflow_ON,403,39150L,60108819
LOOPLOG,1644295796.01,Inflow_OFF,418,10016,60118836
LOOPLOG,1644296070.081,Outflow_ON,399,303892,60392676
LOOPLOG,1644296090.142,Outflow_OFF,401,20032,60412709
LOOPLOG,1644296090.183,Inflow_ON,401,303897,60412724
LOOPLOG,1644296100.181,Inflow_OFF,419,10017,60422751
LOOPLOG,1644296762.118,Outflow_ON,399,691450,61084128
LOOPLOG,1644296782.167,Outflow_OFF,402,20032,61104160
LOOPLOG,1644296782.207,Inflow_ON,402,691427,61104164
LOOPLOG,1644296792.205,Inflow_OFF,415,10016,61114191
LOOPLOG,1644297176.544,Outflow_ON,399,414077,61498205
LOOPLOG,1644297196.593,Outflow_OFF,403,20032,61518237
LOOPLOG,1644297196.634,Inflow_ON,403,414063,61518241
LOOPLOG,1644297206.632,Inflow_OFF,417,10016,61528268
LOOPLOG,1644297518.487,Outflow_ON,399,341654,61839859
LOOPLOG,1644297538.54,Outflow_OFF,404,20033,61859893
LOOPLOG,1644297538.823,Inflow_ON,404,341642,"61859897LLOG",408,404
LOOPLOG,1644297548.591,Inflow_OFF,416,10016,61869924
LOOPLOG,1644297932.82,Outflow_ON,399,413968,62253829
LOOPLOG,1644297952.869,Outflow_OFF,404,20031,62273861
LOOPLOG,1644297952.91,Inflow_ON,404,413954,62273864
LOOPLOG,1644297962.907,Inflow_OFF,418,10017,62283891
LOOPLOG,1644298337.002,Outflow_ON,399,403841,62657670
LOOPLOG,1644298357.06,Outflow_OFF,402,20032,62677702
LOOPLOG,1644298357.1,Inflow_ON,402,403830,62677711
LOOPLOG,1644298367.098,Inflow_OFF,416,10016,62687738
LOOPLOG,1644298748.902,Outflow_ON,399,411550,63069220
LOOPLOG,1644298768.955,Outflow_OFF,400,20033,63089254
LOOPLOG,1644298768.992,Inflow_ON,400,411533,63089258
LOOPLOG,1644298778.99,Inflow_OFF,416,10016,63099284
LOOPLOG,1644299194.506,Outflow_ON,399,445225,63514446
LOOPLOG,1644299214.555,Outflow_OFF,399,20033,63534479
LOOPLOG,1644299214.596,Inflow_ON,399,445212,63534483
LOOPLOG,1644299224.606,Inflow_OFF,418,10017,63544510
LOOPLOG,1644299552.103,Outflow_ON,399,357284,63871731
LOOPLOG,1644299572.152,Outflow_OFF,402,20033,63891764
LOOPLOG,1644299572.193,Inflow_ON,402,357272,63891768
LOOPLOG,1644299582.203,Inflow_OFF,417,10017,63901795
LOOPLOG,1644299918.076,Outflow_ON,399,365650,64237381
LOOPLOG,1644299938.121,Outflow_OFF,405,20033,64257414
LOOPLOG,1644299938.162,Inflow_ON,405,365637,64257418
LOOPLOG,1644299948.16,Inflow_OFF,416,10016,64267444
LOOPLOG,1644300269.382,Outflow_ON,399,351010,64588392
LOOPLOG,1644300289.431,Outflow_OFF,404,20032,64608424
LOOPLOG,1644300289.472,Inflow_ON,404,350997,64608429
LOOPLOG,1644300299.47,Inflow_OFF,422,10017,64618456
LOOPLOG,1644301132.37,Outflow_ON,399,862259,65450651
LOOPLOG,1644301152.423,Outflow_OFF,404,20033,65470685
LOOPLOG,1644301152.464,Inflow_ON,404,862246,65470690
LOOPLOG,1644301162.462,Inflow_OFF,418,10017,65480717
LOOPLOG,1644301510.999,Outflow_ON,399,378309,65828960
LOOPLOG,1644301531.048,Outflow_OFF,403,20031,65848993
LOOPLOG,1644301531.089,Inflow_ON,403,378293,65848996
LOOPLOG,1644301541.087,Inflow_OFF,416,10016,65859023
LOOPLOG,1644301936.439,Outflow_ON,399,425083,66254044
LOOPLOG,1644301956.5,Outflow_OFF,402,20032,66274076
LOOPLOG,1644301956.542,Inflow_ON,402,425075,66274089
LOOPLOG,1644301966.539,Inflow_OFF,415,10017,66284118
LOOPLOG,1644302320.147,Outflow_ON,399,383379,66637423
LOOPLOG,1644302340.196,Outflow_OFF,401,20034,66657457
LOOPLOG,1644302340.237,Inflow_ON,401,383356,66657460
LOOPLOG,1644302350.243,Inflow_OFF,417,10016,66667487
LOOPLOG,1644302710.462,Outflow_ON,399,389974,67027397
LOOPLOG,1644302730.511,Outflow_OFF,406,20033,67047430
LOOPLOG,1644302730.552,Inflow_ON,406,389960,67047434
LOOPLOG,1644302740.549,Inflow_OFF,420,10016,67057461
LOOPLOG,1644303099.003,Outflow_ON,399,388212,67415610
LOOPLOG,1644303119.052,Outflow_OFF,402,20032,67435642
LOOPLOG,1644303119.093,Inflow_ON,402,388199,67435646
LOOPLOG,1644303129.099,Inflow_OFF,419,10016,67445673
LOOPLOG,1644303941.18,Outflow_ON,399,841457,68257068
LOOPLOG,1644303961.229,Outflow_OFF,405,20032,68277100
LOOPLOG,1644303961.27,Inflow_ON,405,841443,68277103
LOOPLOG,1644303971.267,Inflow_OFF,421,10016,68287130
LOOPLOG,1644304348.115,Outflow_ON,399,406591,68663660
LOOPLOG,1644304368.164,Outflow_OFF,406,20033,68683693
LOOPLOG,1644304368.205,Inflow_ON,406,406580,68683697
LOOPLOG,1644304378.203,Inflow_OFF,415,10017,68693724
LOOPLOG,1644304801.759,Outflow_ON,399,453259,69116920
LOOPLOG,1644304821.804,Outflow_OFF,407,LOG,404,407
LOOPLOG,1644304821.861,Inflow_ON,406,453256,69136970
LOOPLOG,1644304831.859,Inflow_OFF,418,10017,69146997
LOOPLOG,1644305271.057,Outflow_ON,399,468903,69585823
LOOPLOG,1644305291.118,Outflow_OFF,404,20033,69605856
LOOPLOG,1644305291.159,Inflow_ON,404,468883,69605870
LOOPLOG,1644305301.157,Inflow_OFF,416,10018,69615898
LOOPLOG,1644305674.593,Outflow_ON,399,403192,69989015
LOOPLOG,1644305694.642,Outflow_OFF,401,20033,70009048
LOOPLOG,1644305694.683,Inflow_ON,401,403169,7L009052
LOOPLOG,1644305704.685,Inflow_OFF,422,10016,70019070
LOOPLOG,1644306072.718,Outflow_ON,399,397779,70386795
LOOPLOG,1644306092.767,Outflow_OFF,402,20033,70406828
LOOPLOG,1644306092.808,Inflow_ON,402,397775,70406832
LOOPLOG,1644306102.818,Inflow_OFF,416,10017,70416858
LOOPLOG,1644306464.577,Outflow_ON,399,391513,70778309
LOOPLOG,1644306484.626,Outflow_OFF,405,20033,70798342
LOOPLOG,1644306484.667,Inflow_ON,405,391502,70798346
LOOPLOG,1644306494.665,Inflow_OFF,418,10017,70808373
LOOPLOG,1644306855.44,Outflow_ON,399,390524,71168833
LOOPLOG,1644306875.481,Outflow_OFF,403,20033,71188866
LOOPLOG,1644306875.522,Inflow_ON,403,390511,71188870
LOOPLOG,1644306885.52,Inflow_OFF,417,10017,71198897
LOOPLOG,1644307378.803,Outflow_ON,399,522930,71691763
LOOPLOG,1644307398.852,Outflow_OFF,401,20033,71711796
LOOPLOG,1644307398.893,Inflow_ON,401,522917,71711800
LOOPLOG,1644307408.891,Inflow_OFF,416,10017,71721827
LOOPLOG,1644307816.916,Outflow_ON,399,437741,72129504
LOOPLOG,1644307836.969,Outflow_OFF,405,20032,72149537
LOOPLOG,1644307837.01,Inflow_ON,405,437728,72149545
LOOPLOG,1644307847.008,Inflow_OFF,421,10017,72159574
LOOPLOG,1644308239.939,Outflow_ON,399,422667,72552172
LOOPLOG,1644308259.988,Outflow_OFF,400,20033,72572205
LOOPLOG,1644308260.029,Inflow_ON,400,422649,72572209
LOOPLOG,1644308270.031,Inflow_OFF,420,10016,72582236
LOOPLOG,1644308649.521,Outflow_ON,399,409233,72961405
LOOPLOG,1644308669.574,Outflow_OFF,405,20034,72981439
LOOPLOG,1644308669.615,Inflow_ON,405,409220,72981443
LOOPLOG,1644308679.612,Inflow_OFF,417,10017,72991470
LOOPLOG,1644309083.12,Outflow_ON,399,433229,73394634
LOOPLOG,1644309103.169,Outflow_OFF,403,20033,73414668
LOOPLOG,1644309103.21,Inflow_ON,403,433215,73414671
LOOPLOG,1644309113.207,Inflow_OFF,421,10017,73424699
LOOPLOG,1644309543.702,Outflow_ON,399,460194,73854829
LOOPLOG,1644309563.751,Outflow_OFF,401,20034,73874863
LOOPLOG,1644309563.792,Inflow_ON,401,460181,73874866
LOOPLOG,1644309573.79,Inflow_OFF,416,10016,73884893
LOOPLOG,1644309895.561,Outflow_ON,399,351561,74206391
LOOPLOG,1644309915.61,Outflow_OFF,402,20032,74226423
LOOPLOG,1644309915.651,Inflow_ON,402,35154L,74226426
LOOPLOG,1644309925.649,Inflow_OFF,416,10016,74236443
LOOPLOG,1644310396.032,Outflow_ON,399,500025,74706417
LOOPLOG,1644310416.069,Outflow_OFF,401,20033,74726450
LOOPLOG,1644310416.11,Inflow_ON,401,500024,74726453
LOOPLOG,1644310426.108,Inflow_OFF,414,10016,74736480
LOOPLOG,1644310962.024,Outflow_ON,399,565525,75271942
LOOPLOG,1644310982.073,Outflow_OFF,404,20033,75291975
LOOPLOG,1644310982.114,Inflow_ON,404,565511,75291978
LOOPLOG,1644310992.112,Inflow_OFF,422,10017,75302005
LOOPLOG,1644311385.704,Outflow_ON,399,423323,75695265
LOOPLOG,1644311405.756,Outflow_OFF,405,20033,75715298
LOOPLOG,1644311405.797,Inflow_ON,405,423311,75715302
LOOPLOG,1644311415.803,Inflow_OFF,423,10017,75725329
LOOPLOG,1644311803.341,Outflow_ON,399,417270,76112535
LOOPLOG,1644311823.39,Outflow_OFF,405,20032,76132569
LOOPLOG,1644311823.431,Inflow_ON,405,417257,76132572
LOOPLOG,1644311833.429,Inflow_OFF,418,10017,76142599
LOOPLOG,1644312265.464,Outflow_ON,399,461734,76574270
LOOPLOG,1644312285.529,Outflow_OFF,404,20033,76594304
LOOPLOG,1644312285.566,Inflow_ON,404,461730,76594319
LOOPLOG,1644312295.563,Inflow_OFF,418,10017,76604347
LOOPLOG,1644312699.292,Outflow_ON,399,433460,77007731
LOOPLOG,1644312719.341,Outflow_OFF,404,20033,77027764
LOOPLOG,1644312719.382,Inflow_ON,404,433435,77027768
LOOPLOG,1644312729.38,Inflow_OFF,425,10017,77037795
LOOPLOG,1644313214.512,Outflow_ON,399,514787,77522518
LOOPLOG,1644313234.565,Outflow_OFF,403,20032,77542550
LOOPLOG,1644313234.606,Inflow_ON,403,514773,77542554
LOOPLOG,1644313244.6,Inflow_OFF,425,10016,77552581
LOOPLOG,1644313570.668,Outflow_ON,399,355853,77878371
LOOPLOG,1644313590.729,Outflow_OFF,406,20032,77898404
LOOPLOG,1644313590.77,Inflow_ON,406,355848,77898420
LOOPLOG,1644313600.768,Inflow_OFF,427,10017,77908447
LOOPLOG,1644313984.668,Outflow_ON,399,413649,78292020
LOOPLOG,1644314004.717,Outflow_OFF,404,20032,78312053
LOOPLOG,1644314004.758,Inflow_ON,404,413624,78312057
LOOPLOG,1644314014.756,Inflow_OFF,417,10015,78322083
LOOPLOG,1644314378.935,Outflow_ON,399,393935,78685956
LOOPLOG,1644314398.984,Outflow_OFF,395,20033,78705989
LOOPLOG,1644314399.025,Inflow_ON,395,393922,78705993
LOOPLOG,1644314409.035,Inflow_OFF,421,10017,78716019
LOOPLOG,1644314520.405,Outflow_ON,399,141338,78827294
LOOPLOG,1644314540.454,Outflow_OFF,404,20033,78847328
LOOPLOG,1644314540.495,Inflow_ON,404,141326,78847331
LOOPLOG,1644314550.493,Inflow_OFF,419,10017,78857358
LOOPLOG,1644314987.27,Outflow_ON,399,466468,79293762
LOOPLOG,1644315007.327,Outflow_OFF,404,20033,79313796
LOOPLOG,1644315007.368,Inflow_ON,404,466459,79313807
LOOPLOG,1644315017.366,Inflow_OFF,422,10017,79323834
LOOPLOG,1644315415.143,Outflow_ON,399,427512,79721276
LOOPLOG,1644315435.192,Outflow_OFF,404,20032,79741308
LOOPLOG,1644315435.233,Inflow_ON,404,427492,79741313
LOOPLOG,1644315445.231,Inflow_OFF,415,10017,79751340
LOOPLOG,1644315844.22,Outflow_ON,399,428715,80149992
LOOPLOG,1644315864.269,Outflow_OFF,403,20032,80170024
LOOPLOG,1644315864.31,Inflow_ON,403,428702,80170029
LOOPLOG,1644315874.308,Inflow_OFF,417,10016,80180055
LOOPLOG,1644316228.793,Outflow_ON,399,384249,80534242
LOOPLOG,1644316248.846,Outflow_OFF,404,20032,80554274
LOOPLOG,1644316248.887,Inflow_ON,404,384236,80554278
LOOPLOG,1644316258.897,Inflow_OFF,415,10016,80564305
LOOPLOG,1644316658.12,Outflow_ON,399,428936,80963178
LOOPLOG,1644316678.156,Outflow_OFF,404,20033,80983211
LOOPLOG,1644316678.197,Inflow_ON,404,428923,80983215
LOOPLOG,1644316688.195,Inflow_OFF,424,10017,80993242
LOOPLOG,1644317048.75,Outflow_ON,399,390305,81353483
LOOPLOG,1644317068.79,Outflow_OFF,405,20032,81373515
LOOPLOG,1644317068.831,Inflow_ON,405,390291,81373519
LOOPLOG,1644317078.829,Inflow_OFF,418,10016,81383546
LOOPLOG,1644317568.488,Outflow_ON,399,519298,81872781
LOOPLOG,1644317588.528,Outflow_OFF,404,20031,81892814
LOOPLOG,1644317588.569,Inflow_ON,404,519284,81892817
LOOPLOG,1644317598.563,Inflow_OFF,421,10016,81902844
LOOPLOG,1644317978.938,Outflow_ON,399,410114,82282896
LOOPLOG,1644317998.986,Outflow_OFF,405,20031,82302928
LOOPLOG,1644317999.027,Inflow_ON,405,410101,82302932
LOOPLOG,1644318009.025,Inflow_OFF,420,10017,82312960
LOOPLOG,1644318479.839,Outflow_ON,399,500476,82783374
LOOPLOG,1644318499.888,Outflow_OFF,403,20032,82803406
LOOPLOG,1644318499.929,Inflow_ON,403,500463,82803410
LOOPLOG,1644318509.926,Inflow_OFF,415,10015,82813436
LOOPLOG,1644318946.372,Outflow_ON,399,466137,83249511
LOOPLOG,1644318966.421,Outflow_OFF,403,20031,83269543
LOOPLOG,1644318966.462,Inflow_ON,403,466123,83269548
LOOPLOG,1644318976.46,Inflow_OFF,418,10017,83279575
LOOPLOG,1644319355.949,Outflow_ON,399,409233,83658745
LOOPLOG,1644319376.011,Outflow_OFF,406,20033,83678779
LOOPLOG,1644319376.052,Inflow_ON,406,409229,83678794
LOOPLOG,1644319386.05,Inflow_OFF,420,10016,83688822
LOOPLOG,1644320075.637,Outflow_ON,399,719078,84377824
LOOPLOG,1644320095.686,Outflow_OFF,404,20032,84397856
LOOPLOG,1644320095.727,Inflow_ON,404,719051,84397860
LOOPLOG,1644320105.729,Inflow_OFF,415,10016,84407887
LOOPLOG,1644320406.57,Outflow_ON,399,330648,84708473
LOOPLOG,1644320426.619,Outflow_OFF,405,20033,84728506
LOOPLOG,1644320426.66,Inflow_ON,405,330636,84728510
LOOPLOG,1644320436.658,Inflow_OFF,417,10016,84738536
LOOPLOG,1644320945.477,Outflow_ON,399,538450,85246923
LOOPLOG,1644320965.526,Outflow_OFF,404,20034,85266957
LOOPLOG,1644320965.567,Inflow_ON,404,538437,85266960
LOOPLOG,1644320975.577,Inflow_OFF,412,10017,85276987
LOOPLOG,1644321345.154,Outflow_ON,399,399330,85646253
LOOPLOG,1644321365.204,Outflow_OFF,404,20031,85666286
LOOPLOG,1644321365.244,Inflow_ON,404,399316,85666289
LOOPLOG,1644321375.242,Inflow_OFF,415,10017,85676316
LOOPLOG,1644321773.9,Outflow_ON,399,428384,86074638
LOOPLOG,1644321793.953,Outflow_OFF,405,20032,86094671
LOOPLOG,1644321793.994,Inflow_ON,405,428373,86094676
LOOPLOG,1644321803.992,Inflow_OFF,411,10017,86104704
LOOPLOG,1644322100.209,Outflow_ON,399,326027,86400666
LOOPLOG,1644322120.254,Outflow_OFF,400,20032,86420699
LOOPLOG,1644322120.295,Inflow_ON,400,326013,86420703
LOOPLOG,1644322130.293,Inflow_OFF,412,10017,86430730
LOOPLOG,1644322297.512,Outflow_ON,399,197140,86597808
LOOPLOG,1644322317.562,Outflow_OFF,406,20032,86617840
LOOPLOG,1644322317.603,Inflow_ON,406,197128,86617844
LOOPLOG,1644322327.608,Inflow_OFF,420,10017,86627871
LOOPLOG,1644322782.117,Outflow_ON,399,484187,87081996
LOOPLOG,1644322802.166,Outflow_OFF,405,20031,87102028
LOOPLOG,1644322802.207,Inflow_ON,405,484174,87102031
LOOPLOG,1644322812.209,Inflow_OFF,417,10016,87112059
LOOPLOG,1644323234.884,Outflow_ON,399,452378,87534374
LOOPLOG,1644323254.933,Outflow_OFF,405,20033,87554408
LOOPLOG,1644323254.974,Inflow_ON,405,452366,87554411
LOOPLOG,1644323264.972,Inflow_OFF,420,10017,87564439
LOOPLOG,1644323701.196,Outflow_ON,399,465918,88000292
LOOPLOG,1644323721.245,Outflow_OFF,405,20032,88020325
LOOPLOG,1644323721.283,Inflow_ON,405,465905,88020329
LOOPLOG,1644323731.288,Inflow_OFF,416,10016,88030356
LOOPLOG,1644324318.206,Outflow_ON,399,616484,88616778
LOOPLOG,1644324338.255,Outflow_OFF,404,20033,88636811
LOOPLOG,1644324338.296,Inflow_ON,404,616472,88636814
LOOPLOG,1644324348.294,Inflow_OFF,414,10016,88646841
LOOPLOG,1644324773.066,Outflow_ON,399,454470,89071248
LOOPLOG,1644324793.111,Outflow_OFF,405,20032,89091280
LOOPLOG,1644324793.152,Inflow_ON,405,454456,89091284
LOOPLOG,1644324803.15,Inflow_OFF,414,10017,89101312
LOOPLOG,1644325077.222,Outflow_ON,399,303904,89375152
LOOPLOG,1644325097.271,Outflow_OFF,406,20032,89395184
LOOPLOG,1644325097.311,Inflow_ON,406,303890,89395188
LOOPLOG,1644325107.309,Inflow_OFF,419,10016,89405215
LOOPLOG,1644325543.53,Outflow_ON,399,465916,89841069
LOOPLOG,1644325563.583,Outflow_OFF,407,20032,89861101
LOOPLOG,1644325563.624,Inflow_ON,407,465904,89861105
LOOPLOG,1644325573.622,Inflow_OFF,414,10017,89871132
LOOPLOG,1644326017.333,Outflow_ON,399,473401,90314471
LOOPLOG,1644326037.382,Outflow_OFF,405,20032,90334503
LOOPLOG,1644326037.423,Inflow_ON,405,473388,90334507
LOOPLOG,1644326047.421,Inflow_OFF,416,10016,90344534
LOOPLOG,1644326390.892,Outflow_ON,399,373243,90687714
LOOPLOG,1644326410.949,Outflow_OFF,407,20032,90707747
LOOPLOG,1644326410.99,Inflow_ON,407,373231,90707757
LOOPLOG,1644326420.988,Inflow_OFF,415,10017,90717785
LOOPLOG,1644326825.928,Outflow_ON,399,434665,91122380
LOOPLOG,1644326845.977,Outflow_OFF,408,20033,91142413
LOOPLOG,1644326846.018,Inflow_ON,408,434647,91142417
LOOPLOG,1644326856.016,Inflow_OFF,419,10016,91152443
LOOPLOG,1644327338.733,Outflow_ON,399,512365,91634745
LOOPLOG,1644327358.773,Outflow_OFF,404,20032,91654777
LOOPLOG,1644327358.815,Inflow_ON,404,512351,91654781
LOOPLOG,1644327368.812,Inflow_OFF,414,10016,91664808
LOOPLOG,1644327735.084,Outflow_ON,399,396027,92030772
LOOPLOG,1644327755.137,Outflow_OFF,406,20032,92050804
LOOPLOG,1644327755.178,Inflow_ON,406,396013,92050808
LOOPLOG,1644327765.176,Inflow_OFF,415,10016,92060835
LOOPLOG,1644328120.324,Outflow_ON,399,384910,92415683
LOOPLOG,1644328140.373,Outflow_OFF,408,20033,92435716
LOOPLOG,1644328140.414,Inflow_ON,408,384897,92435719
LOOPLOG,1644328150.412,Inflow_OFF,419,10016,92445746
LOOPLOG,1644328654.496,Outflow_ON,399,533717,92949400
LOOPLOG,1644328674.545,Outflow_OFF,405,20033,92969433
LOOPLOG,1644328674.586,Inflow_ON,405,533704L92969437
LOOPLOG,1644328684.588,Inflow_OFF,421,10016,92979453
LOOPLOG,1644328993.797,Outflow_ON,399,339003,93288404
LOOPLOG,1644329013.85,Outflow_OFF,407,20033,93308437
LOOPLOG,1644329013.891,Inflow_ON,407,339001,93308441
LOOPLOG,1644329023.889,Inflow_OFF,419,10017,93318469
LOOPLOG,1644329460.331,Outflow_ON,399,466139,93754543
LOOPLOG,1644329480.383,Outflow_OFF,406,20032,93774576
LOOPLOG,1644329480.424,Inflow_ON,406,466126,93774580
LOOPLOG,1644329490.418,Inflow_OFF,418,10016,93784607
LOOPLOG,1644329826.402,Outflow_ON,399,365758,94120302
LOOPLOG,1644329846.455,Outflow_OFF,405,20033,94140336
LOOPLOG,1644329846.492,Inflow_ON,405,365747,94140342
LOOPLOG,1644329856.49,Inflow_OFF,415,10017,94150369
LOOPLOG,1644330457.182,Outflow_ON,399,630244,94750547
LOOPLOG,1644330477.231,Outflow_OFF,404,20033,94770581
LOOPLOG,1644330477.272,Inflow_ON,404,630230,94770585
LOOPLOG,1644330487.269,Inflow_OFF,415,10016,94780611
LOOPLOG,1644330780.62,Outflow_ON,399,323165,95073713
LOOPLOG,1644330800.669,Outflow_OFF,404,20033,95093746
LOOPLOG,1644330800.71,Inflow_ON,404,323151,95093749
LOOPLOG,1644330810.707,Inflow_OFF,419,10015,95103776
LOOPLOG,1644331218.069,Outflow_ON,399,437081,95510794
LOOPLOG,1644331238.13,Outflow_OFF,408,20032,95530827
LOOPLOG,1644331238.171,Inflow_ON,408,437073,95530842
LOOPLOG,1644331248.169,Inflow_OFF,417,10017,95540869
LOOPLOG,1644331394.897,Outflow_ON,399,176680,95687475
LOOPLOG,1644331414.95,Outflow_OFF,405,20032,95707507
LOOPLOG,1644331414.991,Inflow_ON,405,176656,95707511
LOOPLOG,1644331424.997,Inflow_OFF,416,10016,95717538
LOOPLOG,1644331763.623,Outflow_ON,399,368400,96055875
LOOPLOG,1644331783.672,Outflow_OFF,405,20033,96075908
LOOPLOG,1644331783.713,Inflow_ON,405,368387,9L075912
LOOPLOG,1644331793.715,Inflow_OFF,418,10017,96085932
LOOPLOG,1644332125.398,Outflow_ON,399,361460,96417336
LOOPLOG,1644332145.451,Outflow_OFF,405,20032,96437368
LOOPLOG,1644332145.492,Inflow_ON,405,361453,96437371
LOOPLOG,1644332155.489,Inflow_OFF,418,10015,96447399
LOOPLOG,1644332668.601,Outflow_ON,399,542741,96960078
LOOPLOG,1644332688.658,Outflow_OFF,406,20033,96980111
LOOPLOG,1644332688.699,Inflow_ON,406,542730,96980120
LOOPLOG,1644332698.697,Inflow_OFF,417,10017,96990147
LOOPLOG,1644333079.62,Outflow_ON,399,410670,97370749
LOOPLOG,1644333099.669,Outflow_OFF,406,20033,97390782
LOOPLOG,1644333099.71,Inflow_ON,406,410652,97390785
LOOPLOG,1644333109.716,Inflow_OFF,416,10017,97400812
LOOPLOG,1644333552.215,Outflow_ON,399,472191,97842940
LOOPLOG,1644333572.268,Outflow_OFF,404,20033,97862973
LOOPLOG,1644333572.305,Inflow_ON,404,472179,97862977
LOOPLOG,1644333582.307,Inflow_OFF,417,10017,97873004
LOOPLOG,1644333878.631,Outflow_ON,399,326136,98169076
LOOPLOG,1644333898.684,Outflow_OFF,408,20034,98189110
LOOPLOG,1644333898.725,Inflow_ON,408,326123,98189113
LOOPLOG,1644333908.722,Inflow_OFF,414,10017,98199140
LOOPLOG,1644334330.743,Outflow_ON,399,451719,98620796
LOOPLOG,1644334350.784,Outflow_OFF,403,20033,98640829
LOOPLOG,1644334350.825,Inflow_ON,403,451706,98640832
LOOPLOG,1644334360.822,Inflow_OFF,419,10016,98650859
LOOPLOG,1644334799.14,Outflow_ON,399,468008,99088805
LOOPLOG,1644334819.189,Outflow_OFF,406,20032,99108838
LOOPLOG,1644334819.23,Inflow_ON,406,467995,99108841
LOOPLOG,1644334829.228,Inflow_OFF,419,10017,99118868
LOOPLOG,1644335284.395,Outflow_ON,399,484848,99573653
LOOPLOG,1644335304.448,Outflow_OFF,405,20032,99593687
LOOPLOG,1644335304.489,Inflow_ON,405,484836,9L593690
LOOPLOG,1644335314.487,Inflow_OFF,419,10015,99603709
LOOPLOG,1644335660.272,Outflow_ON,399,375547,99949201
LOOPLOG,1644335680.325,Outflow_OFF,406,20032,99969234
LOOPLOG,1644335680.366,Inflow_ON,406,375541,99969239
LOOPLOG,1644335690.36,Inflow_OFF,418,10016,99979265
LOOPLOG,1644336077.345,Outflow_ON,399,416719,100365921
LOOPLOG,1644336097.398,Outflow_OFF,405,20032,100385953
LOOPLOG,1644336097.439,Inflow_ON,405,416705,100385958
LOOPLOG,1644336107.436,Inflow_OFF,420,10015,100395985
LOOPLOG,1644336570.98,Outflow_ON,399,493215,100859136
LOOPLOG,1644336591.029,Outflow_OFF,403,20032,100879169
LOOPLOG,1644336591.074,Inflow_ON,403,493200,10087L174
LOOPLOG,1644336601.076,Inflow_OFF,421,10017,100889197
LOOPLOG,1644336969.445,Outflow_ON,399,398113,101257251
LOOPLOG,1644336989.494,Outflow_OFF,406,20033,101277284
LOOPLOG,1644336989.535,Inflow_ON,406,398105,101277289
LOOPLOG,1644336999.533,Inflow_OFF,420,10017,101287317
LOOPLOG,1644337389.491,Outflow_ON,399,419693,101676944
LOOPLOG,1644337409.544,Outflow_OFF,406,20033,101696977
LOOPLOG,1644337409.59,Inflow_ON,406,419678,101696986
LOOPLOG,1644337419.587,Inflow_OFF,420,10016,101707014
LOOPLOG,1644337805.908,Outflow_ON,399,416065,102093010
LOOPLOG,1644337825.958,Outflow_OFF,406,20033,102113043
LOOPLOG,1644337825.998,Inflow_ON,406,416045,102113047
LOOPLOG,1644337836.004,Inflow_OFF,423,10016,102123076
LOOPLOG,1644338264.967,Outflow_ON,399,458655,102551665
LOOPLOG,1644338285.008,Outflow_OFF,405,20032,102571699
LOOPLOG,1644338285.049,Inflow_ON,405,458640,102571703
LOOPLOG,1644338295.047,Inflow_OFF,419,10017,102581731
LOOPLOG,1644338704.28,Outflow_ON,399,438952,102990619
LOOPLOG,1644338724.333,Outflow_OFF,405,20033,103010652
LOOPLOG,1644338724.374,Inflow_ON,405,438939,103010L57
LOOPLOG,1644338734.38,Inflow_OFF,417,10017,103020681
LOOPLOG,1644339146.812,Outflow_ON,399,442143,103432762
LOOPLOG,1644339166.861,Outflow_OFF,406,20032,103452794
LOOPLOG,1644339166.902,Inflow_ON,406,442131,103452800
LOOPLOG,1644339176.9,Inflow_OFF,420,10016,103462828
LOOPLOG,1644339584.593,Outflow_ON,399,437412,103870174
LOOPLOG,1644339604.642,Outflow_OFF,404,20032,103890207
LOOPLOG,1644339604.683,Inflow_ON,404,437397,103890212
LOOPLOG,1644339614.681,Inflow_OFF,419,10015,103900239
LOOPLOG,1644339973.797,Outflow_ON,399,388874,104259049
LOOPLOG,1644339993.846,Outflow_OFF,405,20033,104279083
LOOPLOG,1644339993.887,Inflow_ON,405,388860,104279088
LOOPLOG,1644340003.885,Inflow_OFF,422,10016,104289116
LOOPLOG,1644340374.347,Outflow_ON,399,400210,104659261
LOOPLOG,1644340394.396,Outflow_OFF,406,20032,104679293
LOOPLOG,1644340394.437,Inflow_ON,406,400195,104679299
LOOPLOG,1644340404.435,Inflow_OFF,417,10017,104689327
LOOPLOG,1644340861.589,Outflow_ON,399,486832,105146094
LOOPLOG,1644340881.638,Outflow_OFF,404,20033,105166127
LOOPLOG,1644340881.683,Inflow_ON,404,486817,105166131
LOOPLOG,1644340891.685,Inflow_OFF,421,10016,105176160
LOOPLOG,1644341306.538,Outflow_ON,399,444567,105590661
LOOPLOG,1644341326.587,Outflow_OFF,405,20032,105610693
LOOPLOG,1644341326.628,Inflow_ON,405,444551,105610698
LOOPLOG,1644341336.626,Inflow_OFF,421,10016,105620726
LOOPLOG,1644341709.84,Outflow_ON,399,402962,105993623
LOOPLOG,1644341729.893,Outflow_OFF,406,20033,106013657
LOOPLOG,1644341729.934,Inflow_ON,406,402949,106013666
LOOPLOG,1644341739.936,Inflow_OFF,423,10017,106023694
LOOPLOG,1644342142.227,Outflow_ON,399,432023,106425648
LOOPLOG,1644342162.28,Outflow_OFF,404,20032,106445680
LOOPLOG,1644342162.321,Inflow_ON,404,432004,106445685
LOOPLOG,1644342172.319,Inflow_OFF,421,10016,106455713
LOOPLOG,1644342530.993,Outflow_ON,399,388435,106814083
LOOPLOG,1644342551.042,Outflow_OFF,404,20032,106834115
LOOPLOG,1644342551.083,Inflow_ON,404,388419,106834120
LOOPLOG,1644342561.081,Inflow_OFF,419,10017,106844148
LOOPLOG,1644342998.186,Outflow_ON,399,466799,107280882
LOOPLOG,1644343018.235,Outflow_OFF,406,20033,107300915
LOOPLOG,1644343018.281,Inflow_ON,406,466785,107300920
LOOPLOG,1644343028.278,Inflow_OFF,422,10017,107310948
LOOPLOG,1644343451.941,Outflow_ON,399,453372,107734254
LOOPLOG,1644343471.994,Outflow_OFF,404,20033,107754288
LOOPLOG,1644343472.035,Inflow_ON,404,453357,107754292
LOOPLOG,1644343482.033,Inflow_OFF,417,10017,107764321
LOOPLOG,1644343914.62,Outflow_ON,399,462287,108196542
LOOPLOG,1644343934.669,Outflow_OFF,406,20032,108216574
LOOPLOG,1644343934.71,Inflow_ON,406,462271,108216579
LOOPLOG,1644343944.708,Inflow_OFF,422,10016,108226607
LOOPLOG,1644344309.673,Outflow_ON,399,394708,108591250
LOOPLOG,1644344329.71,Outflow_OFF,405,20031,108611282
LOOPLOG,1644344329.751,Inflow_ON,405,394692,108611288
LOOPLOG,1644344339.753,Inflow_OFF,418,10017,108621316
LOOPLOG,1644344724.321,Outflow_ON,399,414298,109005549
LOOPLOG,1644344744.362,Outflow_OFF,404,20032,109025582
LOOPLOG,1644344744.403,Inflow_ON,404,414284,109025587
LOOPLOG,1644344754.401,Inflow_OFF,419,10017,109035615
LOOPLOG,1644345174.43,Outflow_ON,399,449739,109455290
LOOPLOG,1644345194.48,Outflow_OFF,404,20032,109475322
LOOPLOG,1644345194.524,Inflow_ON,404,449724,109475326
LOOPLOG,1644345204.526,Inflow_OFF,419,10017,109485356
LOOPLOG,1644345634.472,Outflow_ON,399,459645,109914935
LOOPLOG,1644345654.521,Outflow_OFF,405,20031,109934968
LOOPLOG,1644345654.562,Inflow_ON,405,459629,109934972
LOOPLOG,1644345664.56,Inflow_OFF,421,10016,109945000
LOOPLOG,1644346044.602,Outflow_ON,399,409786,110324722
LOOPLOG,1644346064.655,Outflow_OFF,405,20033,110344755
LOOPLOG,1644346064.696,Inflow_ON,405,409772,110344762
LOOPLOG,1644346074.694,Inflow_OFF,423,10016,110354790
LOOPLOG,1644346382.695,Outflow_ON,399,337807,110662529
LOOPLOG,1644346402.744,Outflow_OFF,404,20032,110682562
LOOPLOG,1644346402.785,Inflow_ON,404,337789,110682566
LOOPLOG,1644346412.783,Inflow_OFF,423,10017,110692594
LOOPLOG,1644346741.164,Outflow_ON,399,358167,111020696
LOOPLOG,1644346761.214,Outflow_OFF,405,20033,111040730
LOOPLOG,1644346761.255,Inflow_ON,405,358153,11104073L
LOOPLOG,1644346771.265,Inflow_OFF,422,10016,111050761
LOOPLOG,1644347202.316,Outflow_ON,399,460746,111481442
LOOPLOG,1644347222.361,Outflow_OFF,400,20031,111501474
LOOPLOG,1644347222.402,Inflow_ON,400,460730,111501479
LOOPLOG,1644347232.4,Inflow_OFF,419,10016,111511507
LOOPLOG,1644347638.332,Outflow_ON,399,435651,111917094
LOOPLOG,1644347658.381,Outflow_OFF,403,20033,111937127
LOOPLOG,1644347658.422,Inflow_ON,403,435637L111937132
LOOPLOG,1644347668.424,Inflow_OFF,423,10017,111947149
LOOPLOG,1644348046.705,Outflow_ON,399,408014,112325108
LOOPLOG,1644348066.754,Outflow_OFF,404,20034,112345142
LOOPLOG,1644348066.795,Inflow_ON,404,408011,112345147
LOOPLOG,1644348076.793,Inflow_OFF,426,10016,112355174
LOOPLOG,1644348400.108,Outflow_ON,399,353105,112678213
LOOPLOG,1644348420.157,Outflow_OFF,405,20032,112698247
LOOPLOG,1644348420.198,Inflow_ON,405,353089,112698251
LOOPLOG,1644348430.196,Inflow_OFF,420,10017,112708279
LOOPLOG,1644348843.508,Outflow_ON,399,443026,113121241
LOOPLOG,1644348863.557,Outflow_OFF,405,20032,113141273
LOOPLOG,1644348863.598,Inflow_ON,405,443012,113141278
LOOPLOG,1644348873.596,Inflow_OFF,419,10017,113151306
LOOPLOG,1644349253.974,Outflow_ON,399,410117,113531358
LOOPLOG,1644349274.023,Outflow_OFF,406,20031,113551391
LOOPLOG,1644349274.064,Inflow_ON,406,410102,113551395
LOOPLOG,1644349284.062,Inflow_OFF,424,10016,113561423
LOOPLOG,1644349691.427,Outflow_ON,399,437082,113968441
LOOPLOG,1644349711.476,Outflow_OFF,402,20032,113988473
LOOPLOG,1644349711.517,Inflow_ON,402,437067,113988478
LOOPLOG,1644349721.515,Inflow_OFF,423,10017,113998507
LOOPLOG,1644350089.552,Outflow_ON,399,397790,114366231
LOOPLOG,1644350109.602,Outflow_OFF,405,20033,114386264
LOOPLOG,1644350109.642,Inflow_ON,405,397775,114386269
LOOPLOG,1644350119.64,Inflow_OFF,420,10016,114396297
LOOPLOG,1644350518.413,Outflow_ON,399,428497,114794729
LOOPLOG,1644350538.462,Outflow_OFF,405,20032,114814761
LOOPLOG,1644350538.503,Inflow_ON,405,428481,114814766
LOOPLOG,1644350548.501,Inflow_OFF,417,10017,114824795
LOOPLOG,1644350896.378,Outflow_ON,399,377647,115172376
LOOPLOG,1644350916.427,Outflow_OFF,405,20033,115192410
LOOPLOG,1644350916.468,Inflow_ON,405,377633,115L92415
LOOPLOG,1644350926.474,Inflow_OFF,420,10016,115202436
LOOPLOG,1644351356.969,Outflow_ON,399,460189,115632566
LOOPLOG,1644351377.018,Outflow_OFF,404,20032,115652598
LOOPLOG,1644351377.059,Inflow_ON,404,460180,11L652603
LOOPLOG,1644351387.065,Inflow_OFF,422,10017,115662623
LOOPLOG,1644351737.695,Outflow_ON,399,380392,116012958
LOOPLOG,1644351757.744,Outflow_OFF,404,20033,116032991
LOOPLOG,1644351757.785,Inflow_ON,404,38038L,116032995
LOOPLOG,1644351767.787,Inflow_OFF,420,10017,116043012
LOOPLOG,1644352288.942,Outflow_ON,399,550768,116563726
LOOPLOG,1644352308.991,Outflow_OFF,402,20032,116583758
LOOPLOG,1644352309.032,Inflow_ON,402,550764,116583763
LOOPLOG,1644352319.038,Inflow_OFF,419,10017,116593792
LOOPLOG,1644352629.132,Outflow_ON,399,339896,116903622
LOOPLOG,1644352649.181,Outflow_OFF,405,20033,116923655
LOOPLOG,1644352649.222,Inflow_ON,405,339881,116923660
LOOPLOG,1644352659.228,Inflow_OFF,422,10016,116933688
LOOPLOG,1644353081.351,Outflow_ON,399,451831,117355453
LOOPLOG,1644353101.4,Outflow_OFF,406,20032,117375486
LOOPLOG,1644353101.445,Inflow_ON,406,451817,117375492
LOOPLOG,1644353111.443,Inflow_OFF,420,10016,117385520
LOOPLOG,1644353425.722,Outflow_ON,399,344078,117699532
LOOPLOG,1644353445.772,Outflow_OFF,405,20033,117719565
LOOPLOG,1644353445.813,Inflow_ON,405,3440L3,117719568
LOOPLOG,1644353455.81,Inflow_OFF,420,10017,117729586
LOOPLOG,1644353861.083,Outflow_ON,399,434979,118134512
LOOPLOG,1644353881.132,Outflow_OFF,404,20033,118154545
LOOPLOG,1644353881.173,Inflow_ON,404,434977,1181L4550
LOOPLOG,1644353891.179,Inflow_OFF,418,10017,118164573
LOOPLOG,1644354249.632,Outflow_ON,399,388209,118522721
LOOPLOG,1644354269.685,Outflow_OFF,404,20032,118542754
LOOPLOG,1644354269.726,Inflow_ON,404,388199,118542763
LOOPLOG,1644354279.724,Inflow_OFF,421,10016,118552791
LOOPLOG,1644354673.315,Outflow_ON,399,423328,118946050
LOOPLOG,1644354693.368,Outflow_OFF,406,20032,118966083
LOOPLOG,1644354693.409,Inflow_ON,406,423309,118966087
LOOPLOG,1644354703.407,Inflow_OFF,417,10017,118976116
LOOPLOG,1644355053.046,Outflow_ON,399,379410,119325460
LOOPLOG,1644355073.095,Outflow_OFF,403,20032,119345492
LOOPLOG,1644355073.14,Inflow_ON,403,379396,119345498
LOOPLOG,1644355083.138,Inflow_OFF,416,10016,119355525
LOOPLOG,1644355391.139,Outflow_ON,399,337804,119663264
LOOPLOG,1644355411.188,Outflow_OFF,405,20033,119683298
LOOPLOG,1644355411.229,Inflow_ON,405,337790,119683303
LOOPLOG,1644355421.227,Inflow_OFF,418,10016,119693331
LOOPLOG,1644355770.428,Outflow_ON,399,378968,120042233
LOOPLOG,1644355790.477,Outflow_OFF,405,20033,120062266
LOOPLOG,1644355790.518,Inflow_ON,405,378953,120062271
LOOPLOG,1644355800.516,Inflow_OFF,419,10016,120072299
LOOPLOG,1644356114.464,Outflow_ON,399,343749,120385982
LOOPLOG,1644356134.517,Outflow_OFF,408,20032,120406014
LOOPLOG,1644356134.558,Inflow_ON,408,343734,120406020
LOOPLOG,1644356144.555,Inflow_OFF,420,10016,120416047
LOOPLOG,1644356746.787,Outflow_ON,399,631785,121017767
LOOPLOG,1644356766.836,Outflow_OFF,406,20033,121037801
LOOPLOG,1644356766.877,Inflow_ON,406,631770,121037805
LOOPLOG,1644356776.875,Inflow_OFF,418,10017,121047833
LOOPLOG,1644357127.837,Outflow_ON,399,380731,121398499
LOOPLOG,1644357147.886,Outflow_OFF,407,20032,121418531
LOOPLOG,1644357147.931,Inflow_ON,407,380716,121418L36
LOOPLOG,1644357157.937,Inflow_OFF,418,10016,121428561
LOOPLOG,1644357535.338,Outflow_ON,399,407142,121805641
LOOPLOG,1644357555.387,Outflow_OFF,407,20033,121825675
LOOPLOG,1644357555.428,Inflow_ON,407,407131,121825680
LOOPLOG,1644357565.426,Inflow_OFF,416,10017,121835708
LOOPLOG,1644357965.3,Outflow_ON,399,429599,122235241
LOOPLOG,1644357985.349,Outflow_OFF,408,20034,122255275
LOOPLOG,1644357985.39,Inflow_ON,408,429584,122255279
LOOPLOG,1644357995.388,Inflow_OFF,419,10017,122265308
LOOPLOG,1644358318.924,Outflow_ON,399,353325,122588566
LOOPLOG,1644358338.973,Outflow_OFF,406,20032,122608599
LOOPLOG,1644358339.014,Inflow_ON,406,353309,122608604
LOOPLOG,1644358349.012,Inflow_OFF,420,10017,122618632
LOOPLOG,1644358634.211,Outflow_ON,399,315021,122903588
LOOPLOG,1644358654.26,Outflow_OFF,405,20034,122923622
LOOPLOG,1644358654.301,Inflow_ON,405,315007,12292L626
LOOPLOG,1644358664.307,Inflow_OFF,419,10016,122933650
LOOPLOG,1644359123.333,Outflow_ON,399,488698,123392286
LOOPLOG,1644359143.382,Outflow_OFF,408,20033,123412319
LOOPLOG,1644359143.419,Inflow_ON,408,LOG,408,408
LOOPLOG,1644359153.438,Inflow_OFF,418,10017,123422357
LOOPLOG,1644359556.613,Outflow_ON,399,432905,123825191
LOOPLOG,1644359576.666,Outflow_OFF,407,20034,123845225
LOOPLOG,1644359576.707,Inflow_ON,407,432886,123845229
LOOPLOG,1644359586.705,Inflow_OFF,415,10016,123855257
LOOPLOG,1644360019.624,Outflow_ON,399,462618,124287809
LOOPLOG,1644360039.673,Outflow_OFF,407,20034,124307843
LOOPLOG,1644360039.714,Inflow_ON,407,462602,124307847
LOOPLOG,1644360049.712,Inflow_OFF,414,10016,124317875
LOOPLOG,1644360380.186,Outflow_ON,399,360259,124648068
LOOPLOG,1644360400.236,Outflow_OFF,408,20033,124668101
LOOPLOG,1644360400.276,Inflow_ON,408,360242,1246L8105
LOOPLOG,1644360410.282,Inflow_OFF,415,10016,124678127
LOOPLOG,1644360800.798,Outflow_ON,399,420237,125068305
LOOPLOG,1644360820.839,Outflow_OFF,407,20031,125088338
LOOPLOG,1644360820.884,Inflow_ON,407,420227,125088343
LOOPLOG,1644360830.881,Inflow_OFF,414,10017,125098371
LOOPLOG,1644361228.441,Outflow_ON,399,427286,125495592
LOOPLOG,1644361248.491,Outflow_OFF,408,20032,125515626
LOOPLOG,1644361248.531,Inflow_ON,408,427272,125515630
LOOPLOG,1644361258.529,Inflow_OFF,416,10017,125525658
LOOPLOG,1644361658.072,Outflow_ON,399,429268,125924861
LOOPLOG,1644361678.121,Outflow_OFF,408,20033,125944894
LOOPLOG,1644361678.162,Inflow_ON,408,429254L125944899
LOOPLOG,1644361688.164,Inflow_OFF,416,10017,125954916
LOOPLOG,1644362048.378,Outflow_ON,399,389965,126314826
LOOPLOG,1644362068.427,Outflow_OFF,407,20033,126334859
LOOPLOG,1644362068.468,Inflow_ON,407,389961,126334864
LOOPLOG,1644362078.47,Inflow_OFF,413,10017,126344892
LOOPLOG,1644362434.498,Outflow_ON,399,385793,126700619
LOOPLOG,1644362454.548,Outflow_OFF,409,20033,126720652
LOOPLOG,1644362454.589,Inflow_ON,409,385778,126720657
LOOPLOG,1644362464.586,Inflow_OFF,418,10017,126730685
LOOPLOG,1644362815.217,Outflow_ON,399,380400,127081019
LOOPLOG,1644362835.27,Outflow_OFF,406,20031,127101051
LOOPLOG,1644362835.311,Inflow_ON,406,380384,127101057
LOOPLOG,1644362845.308,Inflow_OFF,422,10017,127111085
LOOPLOG,1644363201.337,Outflow_ON,399,385792,127466812
LOOPLOG,1644363221.39,Outflow_OFF,406,20032,127486845
LOOPLOG,1644363221.431,Inflow_ON,406,385777,127486850
LOOPLOG,1644363231.429,Inflow_OFF,419,10017,127496879
LOOPLOG,1644363613.572,Outflow_ON,399,411878,127878691
LOOPLOG,1644363633.617,Outflow_OFF,404,20033,127898724
LOOPLOG,1644363633.658,Inflow_ON,404,411863,127898729
LOOPLOG,1644363643.656,Inflow_OFF,418,10016,127908756
LOOPLOG,1644364088.359,Outflow_ON,399,474394,128353086
LOOPLOG,1644364108.412,Outflow_OFF,408,20032,128373118
LOOPLOG,1644364108.453,Inflow_ON,408,474380,128373124
LOOPLOG,1644364118.451,Inflow_OFF,415,10017,128383152
LOOPLOG,1644364484.395,Outflow_ON,398,395698,128748784
LOOPLOG,1644364504.444,Outflow_OFF,407,20033,128768818
LOOPLOG,1644364504.485,Inflow_ON,407,395684,128768823
LOOPLOG,1644364514.483,Inflow_OFF,415,10016,128778850
LOOPLOG,1644364873.489,Outflow_ON,399,388765,129137550
LOOPLOG,1644364893.538,Outflow_OFF,404,20032,129157582
LOOPLOG,1644364893.579,Inflow_ON,404,3887L9,129157586
LOOPLOG,1644364903.577,Inflow_OFF,417,10016,129167604
LOOPLOG,1644365232.287,Outflow_ON,399,358486,129496036
LOOPLOG,1644365252.335,Outflow_OFF,407,20032,129516068
LOOPLOG,1644365252.38,Inflow_ON,407,358482,L29516073
LOOPLOG,1644365262.378,Inflow_OFF,419,10016,129526091
LOOPLOG,1644365642.752,Outflow_ON,399,410107,129906143
LOOPLOG,1644365662.805,Outflow_OFF,408,20032,129926176
LOOPLOG,1644365662.846,Inflow_ON,408,410102,129926181
LOOPLOG,1644365672.844,Inflow_OFF,423,10015,129936209
LOOPLOG,1644366056.192,Outflow_ON,399,413089,130319233
LOOPLOG,1644366076.253,Outflow_OFF,405,20032,130339266
LOOPLOG,1644366076.294,Inflow_ON,405,413080,130339280
LOOPLOG,1644366086.292,Inflow_OFF,419,10016,130349308
LOOPLOG,1644366456.036,Outflow_ON,399,399010,130718243
LOOPLOG,1644366475.591,Outflow_OFF,406,20033,130738277
LOOPLOG,1644366475.632,Inflow_ON,406,398985,130738281
LOOPLOG,1644366485.63,Inflow_OFF,420,10017,130748309
LOOPLOG,1644366886.384,Outflow_ON,399,430480,131148723
LOOPLOG,1644366906.433,Outflow_OFF,408,20031,131168756
LOOPLOG,1644366906.474,Inflow_ON,408,430464,L31168760
LOOPLOG,1644366916.476,Inflow_OFF,420,10016,131178778
LOOPLOG,1644367298.611,Outflow_ON,399,411867,131560591
LOOPLOG,1644367318.661,Outflow_OFF,407,20031,131580623
LOOPLOG,1644367318.701,Inflow_ON,407,411862,131580628
LOOPLOG,1644367328.703,Inflow_OFF,422,10017,131590657
LOOPLOG,1644367686.276,Outflow_ON,399,387332,131947924
LOOPLOG,1644367706.329,Outflow_OFF,406,20034,131967958
LOOPLOG,1644367706.37,Inflow_ON,406,387318,131967965
LOOPLOG,1644367716.368,Inflow_OFF,419,10017,131977993
LOOPLOG,1644368133.977,Outflow_ON,399,447322,132395246
LOOPLOG,1644368154.026,Outflow_OFF,407,20033,132415280
LOOPLOG,1644368154.067,Inflow_ON,407,447305,132415285
LOOPLOG,1644368164.065,Inflow_OFF,413,10016,132425312
LOOPLOG,1644368555.788,Outflow_ON,399,421453,132816700
LOOPLOG,1644368575.837,Outflow_OFF,408,20032,132836732
LOOPLOG,1644368575.878,Inflow_ON,408,421437,13283673L
LOOPLOG,1644368585.888,Inflow_OFF,421,10016,132846764
LOOPLOG,1644369025.643,Outflow_ON,399,469439,133286139
LOOPLOG,1644369045.684,Outflow_OFF,407,20033,133306173
LOOPLOG,1644369045.725,Inflow_ON,407,469425,133306177
LOOPLOG,1644369055.727,Inflow_OFF,416,10016,133316205
LOOPLOG,1644369338.281,Outflow_ON,399,312380,133598520
LOOPLOG,1644369358.33,Outflow_OFF,403,20032,133618553
LOOPLOG,1644369358.371,Inflow_ON,403,312365,133618558
LOOPLOG,1644369368.369,Inflow_OFF,420,10015,133628587
LOOPLOG,1644369664.914,Outflow_ON,399,326358,133924879
LOOPLOG,1644369684.963,Outflow_OFF,405,20032,133944911
LOOPLOG,1644369685.004,Inflow_ON,405,326342,133944916
LOOPLOG,1644369695.01,Inflow_OFF,423,10016,133954945
LOOPLOG,1644370107.769,Outflow_ON,399,442475,134367354
LOOPLOG,1644370127.818,Outflow_OFF,407,20034,134387388
LOOPLOG,1644370127.863,Inflow_ON,407,442460,134387392
LOOPLOG,1644370137.861,Inflow_OFF,417,10016,134397421
LOOPLOG,1644370589.727,Outflow_ON,399,481550,134848904
LOOPLOG,1644370609.781,Outflow_OFF,407,20032,134868936
LOOPLOG,1644370609.822,Inflow_ON,407,481535,134868946
LOOPLOG,1644370619.82,Inflow_OFF,418,10016,134878974
LOOPLOG,1644370854.567,Outflow_ON,399,264618,135113522
LOOPLOG,1644370874.616,Outflow_OFF,409,20032,135133554
LOOPLOG,1644370874.661,Inflow_ON,409,264597,135133559
LOOPLOG,1644370884.659,Inflow_OFF,422,10015,135143586
LOOPLOG,1644371377.614,Outflow_ON,399,522602,135636124
LOOPLOG,1644371397.663,Outflow_OFF,403,20033,135656157
LOOPLOG,1644371397.704,Inflow_ON,403,522587,135656162
LOOPLOG,1644371407.702,Inflow_OFF,418,10016,135666190
LOOPLOG,1644371830.378,Outflow_ON,399,452381,136088506
LOOPLOG,1644371850.431,Outflow_OFF,405,20032,136108538
LOOPLOG,1644371850.472,Inflow_ON,405,452366,136108547
LOOPLOG,1644371860.47,Inflow_OFF,415,10017,136118575
LOOPLOG,1644372181.028,Outflow_ON,398,350355,136438861
LOOPLOG,1644372201.078,Outflow_OFF,406,20033,136458895
LOOPLOG,1644372201.118,Inflow_ON,406,350337,136458899
LOOPLOG,1644372211.116,Inflow_OFF,424,10016,136468927
LOOPLOG,1644372548.53,Outflow_ON,399,367191,136806053
LOOPLOG,1644372568.582,Outflow_OFF,405,20033,136826087
LOOPLOG,1644372568.623,Inflow_ON,405,367177,136826092
LOOPLOG,1644372578.621,Inflow_OFF,420,10017,136836120
LOOPLOG,1644372946.986,Outflow_ON,399,398120,137204174
LOOPLOG,1644372967.039,Outflow_OFF,405,20032,137224207
LOOPLOG,1644372967.08,Inflow_ON,405,398105,137224212
LOOPLOG,1644372977.086,Inflow_OFF,421,10017,137234240
LOOPLOG,1644373444.263,Outflow_ON,399,496846,137701021
LOOPLOG,1644373464.316,Outflow_OFF,406,20033,137721055
LOOPLOG,1644373464.357,Inflow_ON,406,496833,137721060
LOOPLOG,1644373474.355,Inflow_OFF,418,10016,137731088
LOOPLOG,1644373834.238,Outflow_ON,399,389645,138090668
LOOPLOG,1644373854.287,Outflow_OFF,408,20032,138110700
LOOPLOG,1644373854.332,Inflow_ON,408,389629,138110704
LOOPLOG,1644373864.338,Inflow_OFF,418,10017,138120732
LOOPLOG,1644374270.818,Outflow_ON,399,436201,138526869
LOOPLOG,1644374290.867,Outflow_OFF,405,20034,138546903
LOOPLOG,1644374290.917,Inflow_ON,405,436188,138LOG,403,405
LOOPLOG,1644374300.923,Inflow_OFF,419,10016,138556937
LOOPLOG,1644374668.628,Outflow_ON,399,397462,138924331
LOOPLOG,1644374688.677,Outflow_OFF,406,20032,138944363
LOOPLOG,1644374688.718,Inflow_ON,406,397444,138944368
LOOPLOG,1644374698.716,Inflow_OFF,415,10017,138954396
LOOPLOG,1644375094.732,Outflow_ON,399,425745,139350077
LOOPLOG,1644375114.785,Outflow_OFF,406,20032,139370109
LOOPLOG,1644375114.83,Inflow_ON,406,425731,139370117
LOOPLOG,1644375124.828,Inflow_OFF,423,10017,139380145
LOOPLOG,1644375517.207,Outflow_ON,399,422116,139772193
LOOPLOG,1644375537.256,Outflow_OFF,406,20033,139792226
LOOPLOG,1644375537.301,Inflow_ON,406,422099,139792231
LOOPLOG,1644375547.299,Inflow_OFF,423,10017,139802259
LOOPLOG,1644375951.686,Outflow_ON,399,434111,140206304
LOOPLOG,1644375971.736,Outflow_OFF,406,20033,140226337
LOOPLOG,1644375971.776,Inflow_ON,406,434095,140226341
LOOPLOG,1644375981.778,Inflow_OFF,422,10016,140236370
LOOPLOG,1644376395.087,Outflow_ON,399,443027,140649331
LOOPLOG,1644376415.136,Outflow_OFF,405,20033,140669364
LOOPLOG,1644376415.177,Inflow_ON,405,443011,140669369
LOOPLOG,1644376425.179,Inflow_OFF,419,10017,140679397
LOOPLOG,1644376817.558,Outflow_ON,399,422115,141071446
LOOPLOG,1644376837.607,Outflow_OFF,405,20032,141091478
LOOPLOG,1644376837.648,Inflow_ON,405,422099,141091483
LOOPLOG,1644376847.658,Inflow_OFF,420,10017,141101511
LOOPLOG,1644377265.816,Outflow_ON,399,447867,141519314
LOOPLOG,1644377285.865,Outflow_OFF,406,20033,141539347
LOOPLOG,1644377285.905,Inflow_ON,406,447854,141539352
LOOPLOG,1644377295.903,Inflow_OFF,417,10017,141549380
LOOPLOG,1644377580.222,Outflow_ON,399,314142,141833456
LOOPLOG,1644377600.267,Outflow_OFF,406,LOG,406,406
LOOPLOG,1644377600.329,Inflow_ON,406,314137,141853507
LOOPLOG,1644377610.326,Inflow_OFF,422,10017,141863535
LOOPLOG,1644378062.742,Outflow_ON,399,482113,142315570
LOOPLOG,1644378082.795,Outflow_OFF,407,20032,142335602
LOOPLOG,1644378082.836,Inflow_ON,407,482085,142335607
LOOPLOG,1644378092.834,Inflow_OFF,414,10016,142345635
LOOPLOG,1644378536.218,Outflow_ON,399,473073,142788643
LOOPLOG,1644378556.267,Outflow_OFF,404,20033,142808677
LOOPLOG,1644378556.308,Inflow_ON,404,473059,142808L82
LOOPLOG,1644378566.318,Inflow_OFF,423,10017,142818707
LOOPLOG,1644379004.963,Outflow_ON,398,468338,143256982
LOOPLOG,1644379025.012,Outflow_OFF,407,20033,143277016
LOOPLOG,1644379025.053,Inflow_ON,407,468327,143277021
LOOPLOG,1644379035.055,Inflow_OFF,418,10016,143287049
LOOPLOG,1644379418.951,Outflow_ON,399,413639,143670622
LOOPLOG,1644379439.0,Outflow_OFF,404,20031,143690655
LOOPLOG,1644379439.041,Inflow_ON,404,413623,143690659
LOOPLOG,1644379449.047,Inflow_OFF,418,10016,143700688
LOOPLOG,1644379690.405,Outflow_ON,399,271215,143941838
LOOPLOG,1644379710.45,Outflow_OFF,408,LOG,412,408
LOOPLOG,1644379710.508,Inflow_ON,410,271211,143961889
LOOPLOG,1644379720.506,Inflow_OFF,422,10016,143971918
LOOPLOG,1644380295.75,Outflow_ON,399,604833,144546673
LOOPLOG,1644380315.799,Outflow_OFF,405,20033,144566706
LOOPLOG,1644380315.84,Inflow_ON,405,604805,144566711
LOOPLOG,1644380325.838,Inflow_OFF,418,10017,144576739
LOOPLOG,1644380641.33,Outflow_ON,399,345290,144891963
LOOPLOG,1644380661.379,Outflow_OFF,411,20031,144911996
LOOPLOG,1644380661.424,Inflow_ON,411,345274,144912001
LOOPLOG,1644380671.422,Inflow_OFF,421,10017,144922029
LOOPLOG,1644381049.92,Outflow_ON,399,408245,145300210
LOOPLOG,1644381069.973,Outflow_OFF,407,20033,145320243
LOOPLOG,1644381070.014,Inflow_ON,407,408231,145320247
LOOPLOG,1644381080.012,Inflow_OFF,423,10016,145330275
LOOPLOG,1644381285.347,Outflow_ON,399,235225,145535435
LOOPLOG,1644381305.396,Outflow_OFF,411,20032,145555469
LOOPLOG,1644381305.437,Inflow_ON,411,23521L,145555472
LOOPLOG,1644381315.435,Inflow_OFF,432,10016,145565489
LOOPLOG,1644381830.643,Outflow_ON,399,544824,146080261
LOOPLOG,1644381850.692,Outflow_OFF,410,20032,146100293
LOOPLOG,1644381850.733,Inflow_ON,410,544821,146100298
LOOPLOG,1644381860.735,Inflow_OFF,426,10016,146110326
LOOPLOG,1644382300.482,Outflow_ON,398,469442,146549703
LOOPLOG,1644382320.531,Outflow_OFF,405,20032,146569737
LOOPLOG,1644382320.572,Inflow_ON,405,469427,146569741
LOOPLOG,1644382330.578,Inflow_OFF,418,10017,146579770
LOOPLOG,1644382676.367,Outflow_ON,398,375557,146925261
LOOPLOG,1644382696.412,Outflow_OFF,408,20033,146945294
LOOPLOG,1644382696.453,Inflow_ON,408,375543,146945299
LOOPLOG,1644382706.451,Inflow_OFF,419,10016,146955326
LOOPLOG,1644383122.299,Outflow_ON,399,445558,147370819
LOOPLOG,1644383142.348,Outflow_OFF,408,20032,147390852
LOOPLOG,1644383142.384,Inflow_ON,408,LOG,406,408
LOOPLOG,1644383152.399,Inflow_OFF,419,10017,147400890
LOOPLOG,1644383433.306,Outflow_ON,399,310733,147681554
LOOPLOG,1644383453.351,Outflow_OFF,407,20032,147701586
LOOPLOG,1644383453.392,Inflow_ON,407,310714,147701592
LOOPLOG,1644383463.394,Inflow_OFF,425,10016,147711619
LOOPLOG,1644384213.456,Outflow_ON,398,779494,148461048
LOOPLOG,1644384233.505,Outflow_OFF,411,20033,148481082
LOOPLOG,1644384233.546,Inflow_ON,411,779480,148481087
LOOPLOG,1644384243.548,Inflow_OFF,421,10017,148491115
LOOPLOG,1644384638.241,Outflow_ON,399,424426,148885475
LOOPLOG,1644384658.29,Outflow_OFF,408,20032,148905508
LOOPLOG,1644384658.331,Inflow_ON,408,424410,148905512
LOOPLOG,1644384668.329,Inflow_OFF,415,10015,148915540
LOOPLOG,1644385034.052,Outflow_ON,399,395478,149280954
LOOPLOG,1644385054.101,Outflow_OFF,405,20031,149300987
LOOPLOG,1644385054.146,Inflow_ON,405,395462,149300992
LOOPLOG,1644385064.144,Inflow_OFF,416,10017,149311021
LOOPLOG,1644385407.835,Outflow_ON,399,373465,149654421
LOOPLOG,1644385427.89,Outflow_OFF,409,20033,149674454
LOOPLOG,1644385427.93,Inflow_ON,409,373453,149674463
LOOPLOG,1644385437.928,Inflow_OFF,417,10016,149684491
LOOPLOG,1644385864.457,Outflow_ON,399,456238,150110659
LOOPLOG,1644385884.506,Outflow_OFF,404,20032,150130693
LOOPLOG,1644385884.551,Inflow_ON,404,456219,150130697
LOOPLOG,1644385894.549,Inflow_OFF,417,10017,150140725
LOOPLOG,1644386332.866,Outflow_ON,399,468010,150578671
LOOPLOG,1644386352.916,Outflow_OFF,408,20033,150598704
LOOPLOG,1644386352.957,Inflow_ON,408,467997,150598709
LOOPLOG,1644386362.954,Inflow_OFF,422,10017,150608737
LOOPLOG,1644386763.718,Outflow_ON,399,430479,151009150
LOOPLOG,1644386783.758,Outflow_OFF,404,20033,151029183
LOOPLOG,1644386783.799,Inflow_ON,404,430464,151029188
LOOPLOG,1644386793.797,Inflow_OFF,419,10017,151039216
LOOPLOG,1644387076.351,Outflow_ON,396,312381,151321531
LOOPLOG,1644387096.404,Outflow_OFF,410,20033,151341564
LOOPLOG,1644387096.445,Inflow_ON,410,312366,151341570
LOOPLOG,1644387106.443,Inflow_OFF,422,10016,151351597
LOOPLOG,1644387479.547,Outflow_ON,398,402854,151724385
LOOPLOG,1644387499.596,Outflow_OFF,409,20031,151744417
LOOPLOG,1644387499.637,Inflow_ON,409,402837,151744422
LOOPLOG,1644387509.638,Inflow_OFF,417,10016,151754450
LOOPLOG,1644387932.31,Outflow_ON,399,452380,152176768
LOOPLOG,1644387952.363,Outflow_OFF,408,20032,152196800
LOOPLOG,1644387952.404,Inflow_ON,408,452367,152196805
LOOPLOG,1644387962.402,Inflow_OFF,417,10017,152206833
LOOPLOG,1644388276.69,Outflow_ON,399,344079,152520848
LOOPLOG,1644388296.735,Outflow_OFF,411,20032,152540880
LOOPLOG,1644388296.776,Inflow_ON,411,344064,152540884
LOOPLOG,1644388306.774,Inflow_OFF,422,10016,152550913
LOOPLOG,1644388644.518,Outflow_ON,399,367523,152888371
LOOPLOG,1644388664.567,Outflow_OFF,412,20032,152908404
LOOPLOG,1644388664.608,Inflow_ON,412,367507,152908408
LOOPLOG,1644388674.606,Inflow_OFF,424,10016,152918437
LOOPLOG,1644389095.848,Outflow_ON,399,450952,153339323
LOOPLOG,1644389115.901,Outflow_OFF,413,20032,153359356
LOOPLOG,1644389115.942,Inflow_ON,413,450937,153359362
LOOPLOG,1644389125.94,Inflow_OFF,420,10016,153369390
LOOPLOG,1644389503.009,Outflow_ON,396,406816,153746140
LOOPLOG,1644389523.058,Outflow_OFF,410,20032,153766173
LOOPLOG,1644389523.103,Inflow_ON,410,406801,153766178
LOOPLOG,1644389533.101,Inflow_OFF,420,10015,153776205
